object_id,site,locus,basket,n_readings,sides,ungroupable,Rb_ppm,Zr_ppm,Nb_ppm,Fe_ppm,Ti_ppm,Mn_ppm,Rb_Zr,Rb_Nb,Zr_Nb,worst_disagreement_fold,agree_score,cover_score,dirt_score,bal_score,n_score,notes,quality,quality_band
einan | 5076 | 50155,einan,5076,50155,3,(not recorded),False,90.0,70.0,20.0,7550.0,450.0,230.0,1.3333333333333333,4.0,3.0,1.25,1.0,0.6333333333333334,0.5,0.8666666666666667,1.0,,0.8133333333333332,high
einan | F99b | 9485,einan,F99b,9485,3,dorsal+ventral,False,90.0,70.0,20.0,11130.0,1739.9999999999998,145.0,1.2857142857142856,4.5,3.5,1.1666666666666667,1.0,0.5,0.3666666666666667,0.8666666666666667,1.0,,0.76,high
einan | G98b | 5287,einan,G98b,5287,2,dorsal+ventral,False,95.0,75.0,30.0,10780.0,1285.0,215.0,1.2678571428571428,3.1666666666666665,2.5,1.1428571428571428,1.0,0.6,0.5,1.0,1.0,,0.825,high
einan | H91 | 5356,einan,H91,5356,2,dorsal+ventral,False,90.0,65.0,20.0,10200.0,1295.0,140.0,1.3928571428571428,4.5,3.25,1.1666666666666667,1.0,0.5,0.5,0.8,1.0,,0.7699999999999999,high
einan | H92c | 6219,einan,H92c,6219,6,dorsal+ventral,False,100.0,70.0,20.0,10745.0,1395.0,180.0,1.4285714285714286,4.75,3.5,1.1111111111111112,1.0,0.5,0.5,0.9333333333333332,1.0,,0.7899999999999999,high
einan | H92c | 6662,einan,H92c,6662,2,dorsal+ventral,False,110.0,75.0,30.0,12130.0,1240.0,345.0,1.4642857142857144,3.666666666666667,2.5,1.2,1.0,0.3,0.5,0.9,1.0,,0.735,medium
einan | H93b | 6190,einan,H93b,6190,1,(not recorded),False,80.0,60.0,20.0,8360.0,930.0,130.0,1.3333333333333333,4.0,3.0,1.0,0.5,0.5,0.5,0.8,0.5,,0.545,low
einan | H95d | 7989,einan,H95d,7989,2,dorsal+ventral,False,95.0,70.0,25.0,13595.0,1955.0,185.0,1.3571428571428572,3.916666666666667,2.916666666666667,1.1111111111111112,1.0,0.5,0.5,1.0,1.0,,0.7999999999999999,high
einan | I92a | 6036,einan,I92a,6036,3,dorsal+ventral,False,110.0,70.0,30.0,12100.0,1150.0,320.0,1.5,3.6666666666666665,2.3333333333333335,1.2,1.0,0.5333333333333333,0.5,0.9333333333333332,1.0,,0.7983333333333332,high
einan | I92b | 6017,einan,I92b,6017,1,(not recorded),False,90.0,70.0,20.0,11860.0,1550.0,230.0,1.2857142857142856,4.5,3.5,1.0,0.5,0.5,0.5,1.0,0.5,,0.5750000000000001,medium
einan | I92b | 6208,einan,I92b,6208,2,dorsal+ventral,False,120.0,85.0,30.0,13150.0,1280.0,460.0,1.4166666666666667,4.0,2.833333333333333,1.125,1.0,0.5,0.5,0.8,1.0,,0.7699999999999999,high
einan | I92b | 6698,einan,I92b,6698,2,dorsal+ventral,False,80.0,60.0,20.0,8240.0,935.0,175.0,1.3333333333333333,4.0,3.0,1.0,1.0,0.5,0.5,0.4,1.0,,0.7099999999999999,medium
einan | I93c | 6014,einan,I93c,6014,1,(not recorded),False,100.0,90.0,30.0,14300.0,1980.0,320.0,1.1111111111111112,3.3333333333333335,2.9999999999999996,1.0,0.5,0.5,0.5,1.0,0.5,,0.5750000000000001,medium
einan | I93d | 6034,einan,I93d,6034,6,(not recorded),False,100.0,65.0,30.0,11135.0,1170.0,360.0,1.5357142857142856,3.6666666666666665,2.3333333333333335,1.2222222222222223,1.0,0.3,0.5,1.0,1.0,,0.75,high
einan | I93d | 6037,einan,I93d,6037,1,(not recorded),False,100.0,70.0,30.0,12340.0,1290.0,420.0,1.4285714285714286,3.3333333333333335,2.3333333333333335,1.0,0.5,0.3,0.5,1.0,0.5,,0.525,low
einan | I97c | 5310,einan,I97c,5310,2,dorsal+ventral,False,100.0,80.0,30.0,14880.0,2290.0,255.0,1.25,3.3333333333333335,2.6666666666666665,1.0,1.0,0.6,0.5,1.0,1.0,,0.825,high
einan | J93a | 6068,einan,J93a,6068,2,dorsal+ventral,False,90.0,60.0,20.0,9585.0,1270.0,185.0,1.4999999999999998,4.5,3.0,1.0,1.0,0.5,0.5,0.8,1.0,,0.7699999999999999,high
einan | J94b | 6148,einan,J94b,6148,5,dorsal+ventral,False,100.0,70.0,30.0,9350.0,1050.0,200.0,1.4285714285714286,3.3333333333333335,2.3333333333333335,1.1428571428571428,1.0,0.5,0.5,0.76,1.0,,0.7639999999999999,high
einan | J94c | 6244,einan,J94c,6244,2,dorsal+ventral,False,75.0,65.0,20.0,8840.0,1205.0,170.0,1.1547619047619047,3.75,3.25,1.1666666666666667,1.0,0.6,0.3,0.9,1.0,,0.78,high
einan | J95b | 7364,einan,J95b,7364,1,(not recorded),False,120.0,80.0,30.0,20720.0,3130.0,530.0,1.5,4.0,2.6666666666666665,1.0,0.5,0.3,0.5,0.4,0.5,,0.435,low
einan | J98c | 7565,einan,J98c,7565,2,dorsal+ventral,False,105.0,90.0,30.0,15655.0,2100.0,445.0,1.1666666666666667,3.5,2.9999999999999996,1.1,1.0,0.3,0.5,1.0,1.0,,0.75,high
einan | K93b | 5561,einan,K93b,5561,1,(not recorded),False,100.0,70.0,30.0,13859.999999999998,2120.0,340.0,1.4285714285714286,3.3333333333333335,2.3333333333333335,1.0,0.5,0.5,0.5,1.0,0.5,,0.5750000000000001,medium
einan | K95b | 7675,einan,K95b,7675,2,dorsal+ventral,False,120.0,90.0,35.0,13945.0,1380.0,515.0,1.3333333333333335,3.5,2.625,1.0,1.0,0.3,0.5,0.4,1.0,,0.66,medium
einan | K98a | 7345,einan,K98a,7345,1,(not recorded),False,100.0,70.0,20.0,12549.999999999998,1660.0,170.0,1.4285714285714286,5.0,3.5,1.0,0.5,0.5,0.5,0.8,0.5,,0.545,low
einan | K99a | 6806,einan,K99a,6806,3,dorsal+ventral,False,100.0,70.0,30.0,10550.0,1330.0,160.0,1.4285714285714286,3.3333333333333335,2.6666666666666665,1.1428571428571428,1.0,0.5,0.5,0.9333333333333332,1.0,,0.7899999999999999,high
einan | L97b | 7347,einan,L97b,7347,1,(not recorded),False,110.0,70.0,30.0,11540.0,1560.0,240.0,1.5714285714285714,3.6666666666666665,2.3333333333333335,1.0,0.5,0.5,0.5,1.0,0.5,,0.5750000000000001,medium
einan | L97b | 8688,einan,L97b,8688,1,(not recorded),False,100.0,70.0,30.0,15500.0,2140.0,490.0,1.4285714285714286,3.3333333333333335,2.3333333333333335,1.0,0.5,0.3,0.5,0.8,0.5,,0.495,low
einan | M91a | 6722,einan,M91a,6722,2,dorsal+ventral,False,85.0,70.0,20.0,9285.0,1070.0,160.0,1.2142857142857142,4.25,3.5,1.125,1.0,0.6,0.5,0.8,1.0,,0.7949999999999999,high
einan | M92 | 6544,einan,M92,6544,1,(not recorded),False,110.0,70.0,30.0,14930.000000000002,2150.0,410.0,1.5714285714285714,3.6666666666666665,2.3333333333333335,1.0,0.5,0.5,0.5,1.0,0.5,,0.5750000000000001,medium
einan | M92c | 6751,einan,M92c,6751,1,ventral,False,100.0,90.0,30.0,11570.0,1090.0,530.0,1.1111111111111112,3.3333333333333335,2.9999999999999996,1.0,0.5,0.3,0.5,0.8,0.5,,0.495,low
einan | M94b | 8025,einan,M94b,8025,2,dorsal+ventral,False,95.0,75.0,25.0,14030.0,2150.0,215.0,1.2678571428571428,3.916666666666667,3.083333333333333,1.1428571428571428,1.0,0.6,0.5,0.8,1.0,,0.7949999999999999,high
einan | M94b | 8119,einan,M94b,8119,1,(not recorded),False,90.0,70.0,30.0,14930.000000000002,930.0,,1.2857142857142856,2.9999999999999996,2.3333333333333335,1.0,0.5,0.5,0.5,0.4,0.5,,0.485,low
einan | M96 | 7819,einan,M96,7819,2,dorsal+ventral,False,100.0,75.0,30.0,13040.0,1855.0,285.0,1.3392857142857144,3.3333333333333335,2.5,1.1428571428571428,1.0,0.5,0.5,1.0,1.0,,0.7999999999999999,high
einan | M96 | 7855a,einan,M96,7855a,2,dorsal+ventral,False,100.0,70.0,30.0,14490.0,2165.0,310.0,1.4285714285714286,3.3333333333333335,2.3333333333333335,1.0,1.0,0.5,0.5,0.9,1.0,,0.7849999999999999,high
einan | M98c | 5686,einan,M98c,5686,2,dorsal+ventral,False,95.0,65.0,25.0,11435.0,1455.0,315.0,1.4642857142857142,3.916666666666667,2.666666666666667,1.1666666666666667,1.0,0.5,0.5,0.9,1.0,,0.7849999999999999,high
einan | N94d | 8013,einan,N94d,8013,1,(not recorded),False,100.0,70.0,20.0,11370.0,1510.0,230.0,1.4285714285714286,5.0,3.5,1.0,0.5,0.5,0.5,0.8,0.5,,0.545,low
einan | N95a | 8082,einan,N95a,8082,1,(not recorded),False,110.0,130.0,30.0,12629.999999999998,1500.0,360.0,0.8461538461538461,3.6666666666666665,4.333333333333333,1.0,0.5,0.5,0.5,1.0,0.5,,0.5750000000000001,medium
einan | N96 | 5948,einan,N96,5948,2,dorsal+ventral,False,80.0,65.0,20.0,10210.0,1525.0,160.0,1.2380952380952381,4.0,3.25,1.1666666666666667,1.0,0.5,0.5,0.4,1.0,,0.7099999999999999,medium
einan | N96d | 7988,einan,N96d,7988,2,dorsal+ventral,False,105.0,70.0,30.0,12980.0,1525.0,340.0,1.5,3.5,2.3333333333333335,1.1,1.0,0.5,0.5,0.9,1.0,,0.7849999999999999,high
einan | N99 | 7786,einan,N99,7786,2,dorsal+ventral,False,90.0,70.0,20.0,12555.0,1770.0,255.0,1.2857142857142856,4.5,3.5,1.0,1.0,0.5,0.5,0.8,1.0,,0.7699999999999999,high
einan | N99b | 8073,einan,N99b,8073,1,(not recorded),False,100.0,70.0,30.0,14570.0,2000.0,270.0,1.4285714285714286,3.3333333333333335,2.3333333333333335,1.0,0.5,0.5,0.5,1.0,0.5,,0.5750000000000001,medium
einan | O94 | 6379A,einan,O94,6379A,2,dorsal+ventral,False,90.0,70.0,20.0,11730.0,1785.0,190.0,1.2857142857142856,4.5,3.5,1.0,1.0,0.5,0.5,0.6000000000000001,1.0,,0.7399999999999999,medium
einan | O94 | 6379B,einan,O94,6379B,2,dorsal+ventral,False,100.0,70.0,30.0,11605.0,1420.0,275.0,1.4285714285714286,3.3333333333333335,2.3333333333333335,1.0,1.0,0.6,0.5,1.0,1.0,,0.825,high
einan | O96 | 5927,einan,O96,5927,2,dorsal+ventral,False,95.0,70.0,25.0,14415.0,2080.0,335.0,1.3571428571428572,3.916666666666667,2.916666666666667,1.1111111111111112,1.0,0.5,0.5,1.0,1.0,,0.7999999999999999,high
einan | O98 | 5929,einan,O98,5929,2,dorsal+ventral,False,110.0,85.0,30.0,13595.0,1475.0,435.0,1.2916666666666667,3.666666666666667,2.833333333333333,1.2,1.0,0.6,0.5,0.8,1.0,,0.7949999999999999,high
einan | O98 | 5974,einan,O98,5974,2,dorsal+ventral,False,90.0,70.0,20.0,10670.0,1455.0,160.0,1.2857142857142856,4.5,3.5,1.0,1.0,0.5,0.5,0.8,1.0,,0.7699999999999999,high
einan | O98b-c | 5533,einan,O98b-c,5533,3,dorsal+ventral,False,80.0,60.0,20.0,10290.0,1550.0,140.0,1.3333333333333333,4.0,3.0,1.0,1.0,0.5,0.5,0.4000000000000001,1.0,,0.71,medium
einan | O98b-c | 6250,einan,O98b-c,6250,2,dorsal+ventral,False,115.0,75.0,35.0,16915.0,2245.0,500.0,1.5357142857142856,3.333333333333333,2.166666666666667,1.1428571428571428,1.0,0.5,0.5,0.9,1.0,,0.7849999999999999,high
einan | P94 | 6497,einan,P94,6497,2,dorsal+ventral,False,95.0,75.0,25.0,11225.0,1600.0,215.0,1.2767857142857144,3.916666666666667,3.166666666666667,1.1428571428571428,1.0,0.5,0.5,0.8,1.0,,0.7699999999999999,high
einan | P96 | 5870,einan,P96,5870,2,dorsal+ventral,False,105.0,75.0,30.0,12790.0,1695.0,330.0,1.4017857142857144,3.5,2.5,1.1428571428571428,1.0,0.5,0.5,1.0,1.0,,0.7999999999999999,high
einan | P97c | 5645,einan,P97c,5645,2,dorsal+ventral,False,100.0,75.0,30.0,11175.0,1335.0,300.0,1.3392857142857144,3.3333333333333335,2.5,1.1428571428571428,1.0,0.6,0.5,1.0,1.0,,0.825,high
einan | P98 | 5598,einan,P98,5598,2,dorsal+ventral,False,80.0,60.0,20.0,8330.0,1030.0,150.0,1.3333333333333333,4.0,3.0,1.0,1.0,0.5,0.5,0.4,1.0,,0.7099999999999999,medium
einan | P98 | 5922,einan,P98,5922,2,dorsal+ventral,False,90.0,70.0,20.0,10670.0,1515.0000000000002,215.0,1.2857142857142856,4.5,3.5,1.0,1.0,0.5,0.3,0.6000000000000001,1.0,,0.71,medium
einan | P99d | 6010,einan,P99d,6010,6,dorsal+ventral,False,80.0,70.0,20.0,8790.0,1160.0,150.0,1.1428571428571428,4.0,3.5,1.125,1.0,0.5,0.5,0.39999999999999997,1.0,,0.7099999999999999,medium
einan | Q94 | 6522,einan,Q94,6522,4,dorsal+ventral,False,90.0,70.0,20.0,10445.0,1195.0,205.0,1.2857142857142856,4.5,3.5,1.1428571428571428,1.0,0.55,0.5,0.8500000000000001,1.0,,0.7899999999999999,high
einan | Q94 | 6627,einan,Q94,6627,4,dorsal+ventral,False,90.0,70.0,20.0,9235.0,1155.0,190.0,1.2857142857142856,4.5,3.5,1.1666666666666667,1.0,0.55,0.5,0.7,1.0,,0.7675,high
einan | Q95 | 6578,einan,Q95,6578,1,ventral,False,90.0,60.0,20.0,11419.999999999998,1490.0,340.0,1.4999999999999998,4.5,3.0,1.0,0.5,0.5,0.5,1.0,0.5,,0.5750000000000001,medium
einan | Q96 | 5965,einan,Q96,5965,1,(not recorded),False,100.0,70.0,20.0,9820.0,1200.0,180.0,1.4285714285714286,5.0,3.5,1.0,0.5,0.5,0.5,1.0,0.5,,0.5750000000000001,medium
einan | Q97a | 5444,einan,Q97a,5444,3,dorsal+ventral,False,80.0,70.0,20.0,8040.000000000001,830.0,220.0,1.2857142857142856,4.0,3.5,1.1666666666666667,1.0,0.5,0.5,1.0,1.0,,0.7999999999999999,high
einan | Q98 | 6003,einan,Q98,6003,2,dorsal+ventral,False,115.0,85.0,30.0,14075.0,1535.0,515.0,1.3541666666666667,3.833333333333333,2.833333333333333,1.125,1.0,0.6,0.5,0.8,1.0,,0.7949999999999999,high
einan | Q98 | 6105,einan,Q98,6105,1,(not recorded),False,90.0,70.0,30.0,10029.999999999998,1250.0,230.0,1.2857142857142856,2.9999999999999996,2.3333333333333335,1.0,0.5,0.5,0.5,1.0,0.5,,0.5750000000000001,medium
einan | Q98 | 6105A,einan,Q98,6105A,2,dorsal+ventral,False,100.0,70.0,25.0,12035.0,1270.0,330.0,1.4375,4.083333333333333,2.833333333333333,1.3333333333333333,0.7,0.6,0.5,0.9,1.0,,0.705,medium
einan | Q98 | 6105B,einan,Q98,6105B,2,dorsal+ventral,False,120.0,90.0,35.0,14995.0,1385.0,665.0,1.3333333333333335,3.5,2.625,1.0,1.0,0.3,0.5,0.4,1.0,,0.66,medium
einan | Q98 | 6187,einan,Q98,6187,2,dorsal+ventral,False,90.0,70.0,20.0,8435.0,945.0,155.0,1.2857142857142856,4.5,3.5,1.0,1.0,0.5,0.5,0.8,1.0,,0.7699999999999999,high
einan | Q98c | 5410A,einan,Q98c,5410A,2,dorsal+ventral,False,85.0,65.0,20.0,7720.0,800.0,140.0,1.3214285714285712,4.25,3.25,1.1666666666666667,1.0,0.5,0.5,0.4,1.0,,0.7099999999999999,medium
einan | Q98c | 5410B,einan,Q98c,5410B,2,dorsal+ventral,False,100.0,70.0,30.0,13310.0,1670.0,295.0,1.4285714285714286,3.3333333333333335,2.3333333333333335,1.0,1.0,0.5,0.5,1.0,1.0,,0.7999999999999999,high
einan | Q98c | 5410C,einan,Q98c,5410C,2,dorsal+ventral,False,115.0,80.0,30.0,17960.0,2090.0,625.0,1.4375,3.833333333333333,2.6666666666666665,1.0909090909090908,1.0,0.5,0.5,0.4,1.0,,0.7099999999999999,medium
einan | R17b | 6233,einan,R17b,6233,2,dorsal+ventral,False,80.0,65.0,20.0,6610.0,585.0,105.0,1.2380952380952381,4.0,3.25,1.1666666666666667,1.0,0.5,0.5,0.8,1.0,,0.7699999999999999,high
einan | R94 | 6427,einan,R94,6427,2,dorsal+ventral,False,110.0,75.0,30.0,13820.0,1620.0,370.0,1.4732142857142856,3.6666666666666665,2.5,1.1428571428571428,1.0,0.5,0.5,1.0,1.0,,0.7999999999999999,high
einan | R94 | 6500,einan,R94,6500,2,dorsal+ventral,False,85.0,85.0,20.0,12310.0,1825.0,160.0,1.0428571428571427,4.25,4.25,1.4285714285714286,0.7,0.5,0.5,0.6000000000000001,1.0,,0.635,medium
einan | R95 | 6621,einan,R95,6621,1,(not recorded),False,100.0,70.0,30.0,13260.0,1860.0,230.0,1.4285714285714286,3.3333333333333335,2.3333333333333335,1.0,0.5,0.5,0.5,1.0,0.5,,0.5750000000000001,medium
einan | R95 | 6682,einan,R95,6682,4,dorsal+ventral,False,90.0,60.0,20.0,8365.0,965.0,250.0,1.4999999999999998,4.5,3.0,1.0,1.0,0.5,0.5,0.6,1.0,,0.7399999999999999,medium
einan | R95 | 6780,einan,R95,6780,2,dorsal+ventral,False,100.0,70.0,30.0,9495.0,1000.0,205.0,1.4285714285714286,3.3333333333333335,2.3333333333333335,1.0,1.0,0.5,0.5,1.0,1.0,,0.7999999999999999,high
einan | R95a | 6873,einan,R95a,6873,2,dorsal+ventral,False,105.0,70.0,30.0,8655.0,645.0,230.0,1.5,3.5,2.3333333333333335,1.1,1.0,0.5,0.5,1.0,1.0,,0.7999999999999999,high
einan | R96 | 6164,einan,R96,6164,2,dorsal+ventral,False,130.0,120.0,35.0,20095.0,2025.0,1020.0,1.0833333333333333,3.7916666666666665,3.5,1.0,1.0,0.3,0.5,0.4,1.0,,0.66,medium
einan | R96b | 7346,einan,R96b,7346,2,ventral,False,100.0,85.0,30.0,11375.0,1190.0,310.0,1.1805555555555556,3.3333333333333335,2.833333333333333,1.125,1.0,0.4,0.5,0.8,1.0,,0.7449999999999999,medium
einan | R97 | 6165,einan,R97,6165,2,dorsal+ventral,False,90.0,65.0,20.0,7160.0,670.0,115.0,1.3928571428571428,4.5,3.25,1.1666666666666667,1.0,0.5,0.5,1.0,1.0,,0.7999999999999999,high
einan | R97b | 5251,einan,R97b,5251,2,dorsal+ventral,False,80.0,60.0,20.0,11255.0,1745.0,125.0,1.3333333333333333,4.0,3.0,1.0,1.0,0.5,0.5,0.4,1.0,,0.7099999999999999,medium
einan | R97d | 5482,einan,R97d,5482,1,(not recorded),False,80.0,70.0,20.0,8010.0,820.0,130.0,1.1428571428571428,4.0,3.5,1.0,0.5,0.5,0.5,0.8,0.5,,0.545,low
einan | R98 | 5945,einan,R98,5945,2,dorsal+ventral,False,85.0,65.0,20.0,7630.0,880.0,120.0,1.3095238095238093,4.25,3.25,1.1666666666666667,1.0,0.5,0.5,0.6000000000000001,1.0,,0.7399999999999999,medium
einan | R98 | 6186,einan,R98,6186,2,dorsal+ventral,False,85.0,60.0,20.0,6635.0,610.0,110.0,1.4166666666666665,4.25,3.0,1.125,1.0,0.5,0.5,0.8,1.0,,0.7699999999999999,high
einan | R99 | 6016,einan,R99,6016,1,ventral,False,100.0,70.0,30.0,9320.0,890.0,,1.4285714285714286,3.3333333333333335,2.3333333333333335,1.0,0.5,0.6,0.5,1.0,0.5,,0.6,medium
einan | R99 | 6017,einan,R99,6017,1,dorsal,False,100.0,70.0,30.0,9870.0,980.0,240.0,1.4285714285714286,3.3333333333333335,2.3333333333333335,1.0,0.5,0.6,0.5,1.0,0.5,,0.6,medium
einan | S100 | 6044,einan,S100,6044,2,dorsal+ventral,False,95.0,70.0,25.0,11200.0,1345.0,240.0,1.3571428571428572,3.916666666666667,2.916666666666667,1.1111111111111112,1.0,0.3,0.5,1.0,1.0,,0.75,high
einan | S36c | 6559,einan,S36c,6559,1,(not recorded),False,90.0,60.0,20.0,7980.0,750.0,,1.4999999999999998,4.5,3.0,1.0,0.5,0.5,0.5,0.8,0.5,,0.545,low
einan | S56b-c | 5844,einan,S56b-c,5844,1,(not recorded),False,100.0,70.0,30.0,11980.0,1490.0,380.0,1.4285714285714286,3.3333333333333335,2.3333333333333335,1.0,0.5,0.5,0.5,1.0,0.5,,0.5750000000000001,medium
einan | S94b | 6444A,einan,S94b,6444A,5,dorsal+ventral,False,80.0,70.0,20.0,10500.0,1270.0,130.0,1.1428571428571428,4.0,3.5,1.1428571428571428,1.0,0.5,0.5,0.56,1.0,,0.7339999999999999,medium
einan | S94b | 6444B,einan,S94b,6444B,4,dorsal+ventral,False,100.0,70.0,30.0,15280.0,2240.0,310.0,1.3571428571428572,3.3333333333333335,2.3333333333333335,1.1428571428571428,1.0,0.55,0.5,0.7,1.0,,0.7675,high
einan | S95 | 6431,einan,S95,6431,2,dorsal+ventral,False,85.0,70.0,20.0,13025.0,1975.0,240.0,1.2142857142857142,4.25,3.5,1.125,1.0,0.6,0.5,0.6000000000000001,1.0,,0.7649999999999999,high
einan | S95 | 6502,einan,S95,6502,4,dorsal+ventral,False,100.0,80.0,30.0,11385.0,1200.0,225.0,1.2698412698412698,3.3333333333333335,2.6666666666666665,1.5714285714285714,0.7,0.5,0.5,0.75,1.0,,0.6575,medium
einan | S96 | 5971,einan,S96,5971,1,(not recorded),False,100.0,70.0,20.0,10650.0,1200.0,220.0,1.4285714285714286,5.0,3.5,1.0,0.5,0.5,0.5,1.0,0.5,,0.5750000000000001,medium
einan | S96 | 6775,einan,S96,6775,2,dorsal+ventral,False,90.0,65.0,20.0,8280.0,840.0,170.0,1.3928571428571428,4.5,3.25,1.1666666666666667,1.0,0.5,0.5,0.8,1.0,,0.7699999999999999,high
einan | S96b | 7092,einan,S96b,7092,4,dorsal+ventral,False,90.0,70.0,20.0,7760.0,765.0,185.0,1.2857142857142856,4.5,3.5,1.4,0.7,0.6,0.5,0.8,1.0,,0.69,medium
einan | S97 | 6109,einan,S97,6109,2,dorsal+ventral,False,115.0,85.0,30.0,10805.0,910.0,395.0,1.3611111111111112,3.833333333333333,2.833333333333333,1.125,1.0,0.5,0.5,0.8,1.0,,0.7699999999999999,high
einan | S97 | 6200,einan,S97,6200,4,dorsal+ventral,False,90.0,70.0,20.0,11260.0,1355.0,195.0,1.2857142857142856,4.5,3.5,1.0,1.0,0.55,0.4,0.7,1.0,,0.7525,high
einan | S98 | 6149,einan,S98,6149,2,dorsal+ventral,False,100.0,70.0,25.0,10885.0,1375.0,210.0,1.4285714285714286,4.166666666666667,2.916666666666667,1.0,1.0,0.5,0.5,0.9,1.0,,0.7849999999999999,high
einan | S98 | 6185,einan,S98,6185,4,dorsal+ventral,False,110.0,80.0,30.0,18130.0,2575.0,565.0,1.375,3.6666666666666665,2.6666666666666665,1.125,1.0,0.55,0.5,0.8500000000000001,1.0,,0.7899999999999999,high
einan | T100 | 6084,einan,T100,6084,2,dorsal+ventral,False,105.0,70.0,30.0,11655.0,1265.0,350.0,1.5,3.5,2.3333333333333335,1.1,1.0,0.5,0.5,1.0,1.0,,0.7999999999999999,high
einan | T97 | 6022,einan,T97,6022,2,dorsal+ventral,False,110.0,75.0,30.0,11955.0,1435.0,285.0,1.4732142857142856,3.6666666666666665,2.5,1.1428571428571428,1.0,0.5,0.5,1.0,1.0,,0.7999999999999999,high
einan | T97 | 6202,einan,T97,6202,2,dorsal+ventral,False,110.0,80.0,30.0,12135.0,1040.0,425.0,1.375,3.6666666666666665,2.6666666666666665,1.0,1.0,0.6,0.5,0.8,1.0,,0.7949999999999999,high
einan | T97b | 5810,einan,T97b,5810,1,(not recorded),False,90.0,70.0,20.0,9630.0,1260.0,130.0,1.2857142857142856,4.5,3.5,1.0,0.5,0.5,0.5,0.8,0.5,,0.545,low
einan | T99 | 5872,einan,T99,5872,2,dorsal+ventral,False,105.0,80.0,30.0,9925.0,1050.0,160.0,1.3125,3.5,2.6666666666666665,1.1,1.0,0.5,0.5,1.0,1.0,,0.7999999999999999,high
einan | U99 | 5888,einan,U99,5888,2,dorsal+ventral,False,100.0,75.0,30.0,11210.0,1295.0,215.0,1.3392857142857144,3.3333333333333335,2.5,1.1428571428571428,1.0,0.5,0.5,1.0,1.0,,0.7999999999999999,high
einan | UNGROUPED-reading-1794,einan,(missing),(missing),1,(not recorded),True,130.0,80.0,30.0,19770.0,2470.0,680.0,1.625,4.333333333333333,2.6666666666666665,1.0,0.5,0.3,0.5,0.4,0.5,,0.435,low
einan | o98 | 5974,einan,o98,5974,2,dorsal+ventral,False,85.0,65.0,25.0,10260.0,975.0,,1.3095238095238093,3.5,2.666666666666667,1.1666666666666667,1.0,0.5,0.5,0.4,1.0,,0.7099999999999999,medium
motza | 2136 | 40014a,motza,2136,40014a,2,dorsal+ventral,False,90.0,60.0,25.0,7600.0,610.0,215.0,1.4999999999999998,3.75,2.5,1.0,1.0,0.6,0.5,0.8,1.0,,0.7949999999999999,high
motza | 2136 | 40014b,motza,2136,40014b,2,dorsal+ventral,False,80.0,60.0,20.0,5990.0,415.0,175.0,1.3333333333333333,4.0,3.0,1.0,1.0,1.0,0.5,1.0,1.0,,0.9249999999999999,high
motza | 4000 | 40086,motza,4000,40086,2,dorsal+ventral,False,80.0,60.0,20.0,5765.0,405.0,215.0,1.3333333333333333,4.0,3.0,1.0,1.0,1.0,0.5,1.0,1.0,,0.9249999999999999,high
motza | 4000 | 40123,motza,4000,40123,2,dorsal+ventral,False,85.0,75.0,20.0,5775.0,365.0,110.0,1.1339285714285714,4.25,3.75,1.1428571428571428,1.0,1.0,0.5,0.9,1.0,,0.9099999999999999,high
motza | 4000 | 40142,motza,4000,40142,2,dorsal+ventral,False,80.0,60.0,20.0,5760.0,375.0,175.0,1.3333333333333333,4.0,3.0,1.0,1.0,1.0,0.5,1.0,1.0,,0.9249999999999999,high
motza | 4004 | 40055,motza,4004,40055,2,dorsal+ventral,False,85.0,60.0,20.0,6320.0,510.0,120.0,1.4166666666666665,4.25,3.0,1.125,1.0,0.6,0.4,0.8,1.0,,0.78,high
motza | 4006 | 40120,motza,4006,40120,2,dorsal+ventral,False,90.0,60.0,20.0,6480.0,390.0,120.0,1.4999999999999998,4.5,3.0,1.0,1.0,0.6,0.5,1.0,1.0,,0.825,high
motza | 4006 | 40136,motza,4006,40136,2,dorsal+ventral,False,90.0,60.0,20.0,6155.0,455.0,150.0,1.4999999999999998,4.5,3.0,1.0,1.0,0.8,0.4,0.9,1.0,,0.8450000000000001,high
motza | 4006 | 40142a,motza,4006,40142a,2,dorsal+ventral,False,120.0,90.0,30.0,10390.0,880.0,395.0,1.3333333333333335,4.0,2.9999999999999996,1.0,1.0,0.6,0.5,0.8,1.0,,0.7949999999999999,high
motza | 4006 | 40142b,motza,4006,40142b,2,dorsal+ventral,False,90.0,60.0,20.0,6185.0,415.0,160.0,1.4999999999999998,4.5,3.0,1.0,1.0,1.0,0.5,0.9,1.0,,0.9099999999999999,high
motza | 4008 | 40168,motza,4008,40168,2,dorsal+ventral,False,80.0,60.0,20.0,5835.0,480.0,135.0,1.3333333333333333,4.0,3.0,1.0,1.0,1.0,0.5,0.9,1.0,,0.9099999999999999,high
motza | 4008 | 40237,motza,4008,40237,2,dorsal+ventral,False,90.0,60.0,20.0,5685.0,365.0,160.0,1.4999999999999998,4.5,3.0,1.0,1.0,1.0,0.5,0.9,1.0,,0.9099999999999999,high
motza | 4008 | 40237a,motza,4008,40237a,2,dorsal+ventral,False,115.0,75.0,30.0,9290.0,625.0,370.0,1.5357142857142856,3.833333333333333,2.5,1.1428571428571428,1.0,0.3,0.5,0.8,1.0,,0.72,medium
motza | 4008 | 40237b,motza,4008,40237b,2,dorsal+ventral,False,85.0,65.0,20.0,6155.0,380.0,125.0,1.3095238095238093,4.25,3.25,1.1666666666666667,1.0,0.8,0.5,0.9,1.0,,0.86,high
motza | 4011 | 40173,motza,4011,40173,2,dorsal+ventral,False,100.0,70.0,25.0,6885.0,520.0,195.0,1.4285714285714286,4.166666666666667,2.916666666666667,1.0,1.0,0.6,0.5,0.6000000000000001,1.0,,0.7649999999999999,high
motza | 4011 | 40209,motza,4011,40209,2,dorsal+ventral,False,95.0,65.0,20.0,6595.0,465.0,200.0,1.4642857142857142,4.75,3.25,1.1666666666666667,1.0,0.6,0.5,0.8,1.0,,0.7949999999999999,high
motza | 4011 | 40224a,motza,4011,40224a,2,dorsal+ventral,False,90.0,60.0,20.0,6315.0,495.0,175.0,1.4999999999999998,4.5,3.0,1.0,1.0,1.0,0.5,0.9,1.0,,0.9099999999999999,high
motza | 4011 | 40224b,motza,4011,40224b,2,dorsal+ventral,False,100.0,60.0,25.0,6350.0,405.0,165.0,1.6666666666666667,4.166666666666667,2.5,1.0,1.0,1.0,0.5,1.0,1.0,,0.9249999999999999,high
motza | 4014 | 40202,motza,4014,40202,2,dorsal+ventral,False,90.0,65.0,20.0,6315.0,420.0,110.0,1.3928571428571428,4.5,3.25,1.1666666666666667,1.0,0.6,0.5,0.8,1.0,,0.7949999999999999,high
motza | 4014 | 40243,motza,4014,40243,4,dorsal+ventral,False,90.0,60.0,20.0,6320.0,435.0,170.0,1.4999999999999998,4.5,3.0,1.0,1.0,0.45,0.5,0.8500000000000001,1.0,,0.765,high
motza | 402 | 40634,motza,402,40634,2,dorsal+ventral,False,80.0,65.0,20.0,5674.999999999999,350.0,150.0,1.2380952380952381,4.0,3.25,1.1666666666666667,1.0,1.0,0.5,0.8,1.0,,0.8949999999999999,high
motza | 4020 | 40286,motza,4020,40286,3,dorsal+ventral,False,90.0,80.0,20.0,6909.999999999999,580.0,150.0,1.125,4.5,4.0,1.2857142857142858,1.0,1.0,0.5,0.8000000000000002,1.0,,0.8949999999999999,high
motza | 4020 | 40286CTE,motza,4020,40286CTE,2,dorsal+ventral,False,90.0,65.0,20.0,5920.0,365.0,150.0,1.3928571428571428,4.5,3.25,1.1666666666666667,1.0,1.0,0.5,1.0,1.0,,0.9249999999999999,high
motza | 4020 | 40353,motza,4020,40353,2,dorsal+ventral,False,100.0,70.0,25.0,7525.0,615.0,185.0,1.4285714285714286,4.166666666666667,2.916666666666667,1.0,1.0,0.6,0.5,1.0,1.0,,0.825,high
motza | 4020 | 40362,motza,4020,40362,2,dorsal+ventral,False,80.0,60.0,20.0,5805.0,350.00000000000006,200.0,1.3333333333333333,4.0,3.0,1.0,1.0,1.0,0.5,0.8,1.0,,0.8949999999999999,high
motza | 4020 | 40374,motza,4020,40374,2,dorsal+ventral,False,80.0,55.0,20.0,7145.0,825.0,180.0,1.4666666666666668,4.0,2.75,1.2,1.0,0.6,0.3,0.4,1.0,,0.705,medium
motza | 4020 | 40380,motza,4020,40380,2,dorsal+ventral,False,80.0,60.0,20.0,8205.0,990.0,185.0,1.3333333333333333,4.0,3.0,1.0,1.0,0.6,0.3,0.4,1.0,,0.705,medium
motza | 4020 | 40381,motza,4020,40381,2,dorsal+ventral,False,110.0,75.0,30.0,12665.0,1460.0,295.0,1.4732142857142856,3.6666666666666665,2.5,1.1428571428571428,1.0,0.3,0.3,0.9,1.0,,0.705,medium
motza | 4020 | 40382,motza,4020,40382,2,dorsal+ventral,False,100.0,70.0,30.0,8000.0,525.0,215.0,1.4285714285714286,3.3333333333333335,2.3333333333333335,1.0,1.0,0.6,0.5,1.0,1.0,,0.825,high
motza | 4020 | 40385,motza,4020,40385,2,dorsal+ventral,False,95.0,60.0,25.0,7035.0,445.0,140.0,1.5833333333333333,4.0,2.5,1.1111111111111112,1.0,0.6,0.5,1.0,1.0,,0.825,high
motza | 4021 | 40337,motza,4021,40337,4,dorsal+ventral,False,80.0,60.0,20.0,5785.0,365.0,140.0,1.3333333333333333,4.0,3.0,1.1666666666666667,1.0,0.6499999999999999,0.5,0.7000000000000001,1.0,,0.7924999999999999,high
motza | 4021 | 40337PE,motza,4021,40337PE,2,dorsal+ventral,False,80.0,60.0,20.0,8005.0,1015.0000000000001,215.0,1.3333333333333333,4.0,3.0,1.0,1.0,0.8,0.3,0.6000000000000001,1.0,,0.785,high
motza | 4021 | 40337a,motza,4021,40337a,2,dorsal+ventral,False,110.0,90.0,30.0,10355.0,1130.0,355.0,1.2374999999999998,3.6666666666666665,3.0,1.25,1.0,0.3,0.3,0.9,1.0,,0.705,medium
motza | 4021 | 40337aBS,motza,4021,40337aBS,2,dorsal+ventral,False,100.0,70.0,25.0,7035.0,480.0,225.0,1.4285714285714286,4.166666666666667,2.916666666666667,1.0,1.0,0.6,0.5,1.0,1.0,,0.825,high
motza | 4021 | 40337b,motza,4021,40337b,2,dorsal+ventral,False,105.0,70.0,30.0,9110.0,865.0,215.0,1.5,3.5,2.3333333333333335,1.1,1.0,0.3,0.3,1.0,1.0,,0.72,medium
motza | 4021 | 40337bBS,motza,4021,40337bBS,2,dorsal+ventral,False,80.0,60.0,20.0,7300.0,755.0,165.0,1.3333333333333333,4.0,3.0,1.0,1.0,0.6,0.3,0.9,1.0,,0.78,high
motza | 4021 | 40337c,motza,4021,40337c,2,dorsal+ventral,False,115.0,75.0,30.0,11165.0,1165.0,340.0,1.5357142857142856,3.833333333333333,2.5,1.1428571428571428,1.0,0.3,0.3,0.8,1.0,,0.69,medium
motza | 4021 | 40337d,motza,4021,40337d,2,dorsal+ventral,False,105.0,95.0,30.0,10930.0,1390.0,235.0,1.1111111111111112,3.5,3.1666666666666665,1.1111111111111112,1.0,0.6,0.3,1.0,1.0,,0.795,high
motza | 4021 | 40431,motza,4021,40431,2,dorsal+ventral,False,90.0,60.0,20.0,6300.0,385.0,160.0,1.4999999999999998,4.5,3.0,1.0,1.0,0.8,0.5,0.9,1.0,,0.86,high
motza | 4021 | 40451,motza,4021,40451,2,dorsal+ventral,False,85.0,60.0,20.0,5920.0,375.0,150.0,1.4166666666666665,4.25,3.0,1.125,1.0,0.8,0.5,1.0,1.0,,0.875,high
motza | 4021 | 40634,motza,4021,40634,2,dorsal+ventral,False,90.0,70.0,20.0,6095.0,390.0,120.0,1.2857142857142856,4.5,3.5,1.0,1.0,1.0,0.5,0.8,1.0,,0.8949999999999999,high
motza | 4021 | 40634a,motza,4021,40634a,2,dorsal+ventral,False,100.0,70.0,20.0,6445.0,385.0,160.0,1.4285714285714286,5.0,3.5,1.0,1.0,0.8,0.5,1.0,1.0,,0.875,high
motza | 4021 | 40634b,motza,4021,40634b,2,dorsal+ventral,False,115.0,75.0,30.0,9455.0,825.0,315.0,1.5446428571428572,3.833333333333333,2.5,1.1428571428571428,1.0,0.8,0.3,0.9,1.0,,0.8300000000000001,high
motza | 4021 | 40634c,motza,4021,40634c,3,dorsal+ventral,False,80.0,60.0,20.0,7370.0,850.0000000000001,145.0,1.3333333333333333,4.0,3.0,1.1666666666666667,1.0,0.6,0.3,0.6666666666666666,1.0,,0.745,medium
motza | 4021 | 40634d,motza,4021,40634d,2,dorsal+ventral,False,110.0,80.0,30.0,9520.0,765.0,325.0,1.375,3.6666666666666665,2.6666666666666665,1.0,1.0,0.3,0.5,0.8,1.0,,0.72,medium
motza | 4023 | 40411,motza,4023,40411,2,dorsal+ventral,False,90.0,65.0,20.0,6210.0,365.0,170.0,1.3928571428571428,4.5,3.25,1.1666666666666667,1.0,0.8,0.5,0.8,1.0,,0.845,high
motza | 4023 | 40514,motza,4023,40514,2,dorsal+ventral,False,95.0,70.0,25.0,7610.0,510.0,170.0,1.3571428571428572,3.916666666666667,2.916666666666667,1.1111111111111112,1.0,0.3,0.5,1.0,1.0,,0.75,high
motza | 4024 | 40470,motza,4024,40470,2,dorsal+ventral,False,100.0,70.0,25.0,7045.0,475.0,170.0,1.4285714285714286,4.166666666666667,2.916666666666667,1.0,1.0,0.6,0.5,0.8,1.0,,0.7949999999999999,high
motza | 4025 | 40346,motza,4025,40346,2,dorsal+ventral,False,105.0,70.0,30.0,8505.0,475.0,305.0,1.5,3.5,2.3333333333333335,1.1,1.0,0.3,0.5,1.0,1.0,,0.75,high
motza | 4025 | 40355,motza,4025,40355,2,dorsal+ventral,False,80.0,55.0,20.0,5560.0,370.0,110.0,1.4666666666666668,4.0,2.75,1.2,1.0,0.8,0.5,0.6000000000000001,1.0,,0.815,high
motza | 4025 | 40410,motza,4025,40410,2,dorsal+ventral,False,100.0,70.0,20.0,8560.0,745.0,155.0,1.4285714285714286,5.0,3.5,1.0,1.0,0.6,0.3,1.0,1.0,,0.795,high
motza | 4025 | 40506,motza,4025,40506,2,dorsal+ventral,False,105.0,75.0,30.0,11130.0,1105.0,300.0,1.4017857142857144,3.5,2.5,1.1428571428571428,1.0,0.3,0.5,0.8,1.0,,0.72,medium
motza | 4025 | 40522,motza,4025,40522,2,dorsal+ventral,False,80.0,60.0,20.0,6540.0,610.0,120.0,1.3333333333333333,4.0,3.0,1.0,1.0,0.6,0.3,0.8,1.0,,0.765,high
motza | 4029 | 40433,motza,4029,40433,2,dorsal+ventral,False,80.0,65.0,20.0,6215.0,469.99999999999994,130.0,1.2380952380952381,4.0,3.25,1.1666666666666667,1.0,0.6,0.4,0.8,1.0,,0.78,high
motza | 4029 | 40443,motza,4029,40443,4,dorsal+ventral,False,90.0,70.0,20.0,6880.0,550.0,110.0,1.2857142857142856,4.5,3.5,1.1666666666666667,1.0,0.6,0.35,0.6,1.0,,0.7424999999999999,medium
motza | 4029 | 40443b,motza,4029,40443b,2,dorsal+ventral,False,90.0,70.0,20.0,8215.0,845.0,135.0,1.2857142857142856,4.5,3.5,1.0,1.0,0.6,0.4,0.9,1.0,,0.795,high
motza | 4029 | 40450,motza,4029,40450,4,dorsal+ventral,False,80.0,60.0,20.0,6720.0,675.0,120.0,1.3333333333333333,4.0,3.0,1.2,1.0,0.6,0.5,0.4,1.0,,0.735,medium
motza | 4029 | 40467,motza,4029,40467,2,dorsal+ventral,False,80.0,65.0,20.0,5555.0,405.0,180.0,1.2380952380952381,4.0,3.25,1.1666666666666667,1.0,1.0,0.5,1.0,1.0,,0.9249999999999999,high
motza | 4029 | 40467CTE,motza,4029,40467CTE,2,dorsal+ventral,False,80.0,60.0,20.0,6010.0,440.0,230.0,1.3333333333333333,4.0,3.0,1.0,1.0,0.6,0.5,0.9,1.0,,0.8099999999999999,high
motza | 4029 | 40475,motza,4029,40475,2,dorsal+ventral,False,100.0,65.0,30.0,8790.0,860.0,190.0,1.5476190476190477,3.3333333333333335,2.166666666666667,1.1666666666666667,1.0,0.6,0.4,0.9,1.0,,0.795,high
motza | 4029 | 40484,motza,4029,40484,2,dorsal+ventral,False,80.0,60.0,20.0,6135.0,500.0,110.0,1.3333333333333333,4.0,3.0,1.0,1.0,0.8,0.5,0.4,1.0,,0.785,high
motza | 4029 | 40484a,motza,4029,40484a,2,dorsal+ventral,False,95.0,65.0,20.0,6810.0,475.0,140.0,1.4642857142857142,4.75,3.25,1.1666666666666667,1.0,0.8,0.5,1.0,1.0,,0.875,high
motza | 4029 | 40484b,motza,4029,40484b,2,dorsal+ventral,False,105.0,70.0,30.0,8315.0,595.0,225.0,1.5,3.5,2.3333333333333335,1.1,1.0,0.8,0.5,1.0,1.0,,0.875,high
motza | 4029 | 40487,motza,4029,40487,2,dorsal+ventral,False,80.0,95.0,20.0,15320.000000000002,1880.0,255.0,0.8806818181818182,4.0,4.75,1.375,0.7,0.6,0.3,0.7,1.0,,0.6449999999999999,medium
motza | 4029 | 40513,motza,4029,40513,2,dorsal+ventral,False,90.0,75.0,20.0,11630.0,1480.0,330.0,1.2053571428571428,4.5,3.75,1.1428571428571428,1.0,0.6,0.3,0.9,1.0,,0.78,high
motza | 4029 | 40513CTE,motza,4029,40513CTE,2,dorsal+ventral,False,80.0,60.0,20.0,6115.0,435.0,245.0,1.3333333333333333,4.0,3.0,1.0,1.0,1.0,0.5,1.0,1.0,,0.9249999999999999,high
motza | 4029 | 40524a,motza,4029,40524a,2,dorsal+ventral,False,80.0,65.0,20.0,6510.0,540.0,,1.2380952380952381,4.0,3.25,1.1666666666666667,1.0,0.3,0.5,0.8,1.0,,0.72,medium
motza | 4029 | 40524b,motza,4029,40524b,2,dorsal+ventral,False,90.0,65.0,20.0,7280.0,700.0,,1.3928571428571428,4.5,3.25,1.1666666666666667,1.0,0.6,0.3,0.8,1.0,,0.765,high
motza | 4029 | 40524c,motza,4029,40524c,2,dorsal+ventral,False,80.0,60.0,20.0,6355.0,505.0,135.0,1.3333333333333333,4.0,3.0,1.0,1.0,0.6,0.5,1.0,1.0,,0.825,high
motza | 4029 | 40524d,motza,4029,40524d,2,dorsal+ventral,False,80.0,60.0,20.0,5910.0,425.0,120.0,1.3333333333333333,4.0,3.0,1.0,1.0,0.6,0.5,0.8,1.0,,0.7949999999999999,high
motza | 4029 | 40532,motza,4029,40532,2,dorsal+ventral,False,110.0,70.0,30.0,7605.0,475.0,220.0,1.5714285714285714,3.6666666666666665,2.3333333333333335,1.0,1.0,0.6,0.5,1.0,1.0,,0.825,high
motza | 4029 | 40556a,motza,4029,40556a,2,dorsal+ventral,False,90.0,60.0,20.0,5755.0,345.0,135.0,1.4999999999999998,4.5,3.0,1.0,1.0,1.0,0.5,0.8,1.0,,0.8949999999999999,high
motza | 4029 | 40556b,motza,4029,40556b,2,dorsal+ventral,False,80.0,60.0,20.0,5635.0,335.0,185.0,1.3333333333333333,4.0,3.0,1.0,1.0,1.0,0.5,1.0,1.0,,0.9249999999999999,high
motza | 4029 | 40559,motza,4029,40559,2,dorsal+ventral,False,80.0,60.0,20.0,7590.0,795.0,160.0,1.3333333333333333,4.0,3.0,1.0,1.0,0.6,0.4,0.8,1.0,,0.78,high
motza | 4029 | 40572,motza,4029,40572,2,dorsal+ventral,False,100.0,65.0,30.0,7175.0,430.0,160.0,1.5476190476190477,3.3333333333333335,2.166666666666667,1.1666666666666667,1.0,0.6,0.5,1.0,1.0,,0.825,high
motza | 4029 | 40586a,motza,4029,40586a,2,dorsal+ventral,False,110.0,75.0,30.0,9520.0,770.0,360.0,1.4642857142857144,3.666666666666667,2.5,1.2,1.0,0.3,0.5,0.6000000000000001,1.0,,0.69,medium
motza | 4029 | 40586b,motza,4029,40586b,2,dorsal+ventral,False,100.0,65.0,20.0,6170.0,385.0,190.0,1.5476190476190477,5.0,3.25,1.1666666666666667,1.0,0.6,0.5,1.0,1.0,,0.825,high
motza | 4029 | 40586c,motza,4029,40586c,2,dorsal+ventral,False,100.0,70.0,30.0,7490.0,470.0,195.0,1.4285714285714286,3.3333333333333335,2.3333333333333335,1.0,1.0,0.8,0.5,1.0,1.0,,0.875,high
motza | 4029 | 40603,motza,4029,40603,4,dorsal+ventral,False,90.0,60.0,20.0,6655.0,560.0,180.0,1.4999999999999998,4.5,3.0,1.125,1.0,0.6,0.35000000000000003,0.7,1.0,,0.7575,high
motza | 4029 | 40603PE,motza,4029,40603PE,2,dorsal+ventral,False,85.0,65.0,20.0,7605.0,780.0,160.0,1.3214285714285712,4.25,3.25,1.1666666666666667,1.0,0.6,0.3,1.0,1.0,,0.795,high
motza | 4029 | 40616,motza,4029,40616,4,dorsal+ventral,False,85.0,60.0,20.0,6745.0,610.0,155.0,1.3333333333333333,4.0,3.0,1.1666666666666667,1.0,0.6499999999999999,0.4,0.65,1.0,,0.77,high
motza | 4029 | 40621,motza,4029,40621,2,dorsal+ventral,False,80.0,60.0,20.0,7715.0,840.0,110.0,1.3428571428571427,4.0,3.0,1.4,0.7,0.6,0.3,0.7,1.0,,0.6449999999999999,medium
motza | 4029 | 40632,motza,4029,40632,2,dorsal+ventral,False,80.0,65.0,20.0,5845.0,440.0,255.0,1.2380952380952381,4.0,3.25,1.1666666666666667,1.0,1.0,0.4,1.0,1.0,,0.9099999999999999,high
motza | 4029 | 40648,motza,4029,40648,2,dorsal+ventral,False,90.0,60.0,20.0,5840.0,385.0,155.0,1.4999999999999998,4.5,3.0,1.0,1.0,0.8,0.5,1.0,1.0,,0.875,high
motza | 4029 | 40653,motza,4029,40653,6,dorsal+ventral,False,80.0,60.0,20.0,5735.0,370.0,265.0,1.3333333333333333,4.0,3.0,1.25,1.0,1.0,0.5,0.8666666666666667,1.0,,0.9049999999999999,high
motza | 4029 | 40653BS,motza,4029,40653BS,2,dorsal+ventral,False,100.0,70.0,30.0,7120.0,510.0,175.0,1.4285714285714286,3.3333333333333335,2.3333333333333335,1.0,1.0,0.3,0.5,1.0,1.0,,0.75,high
motza | 4030 | 40551,motza,4030,40551,1,ventral,False,80.0,50.0,20.0,5480.0,490.0,,1.6,4.0,2.5,1.0,0.5,0.8,0.5,0.4,0.5,,0.56,medium
motza | 4030 | 40809,motza,4030,40809,2,dorsal+ventral,False,85.0,70.0,20.0,5890.0,420.0,150.0,1.2142857142857142,4.25,3.5,1.125,1.0,0.8,0.5,0.8,1.0,,0.845,high
motza | 4030 | 40809CTE,motza,4030,40809CTE,2,dorsal+ventral,False,80.0,60.0,20.0,6765.0,765.0,160.0,1.3333333333333333,4.0,3.0,1.0,1.0,0.6,0.3,0.6000000000000001,1.0,,0.735,medium
motza | 4033 | 40549,motza,4033,40549,2,dorsal+ventral,False,85.0,75.0,20.0,6965.0,580.0,135.0,1.1339285714285714,4.25,3.75,1.1428571428571428,1.0,0.6,0.3,0.8,1.0,,0.765,high
motza | 4036 | 40589PE,motza,4036,40589PE,2,dorsal+ventral,False,80.0,60.0,20.0,6485.0,725.0,270.0,1.3333333333333333,4.0,3.0,1.0,1.0,1.0,0.4,1.0,1.0,,0.9099999999999999,high
motza | 4036 | 40599,motza,4036,40599,2,dorsal+ventral,False,100.0,65.0,25.0,7105.0,500.0,180.0,1.5476190476190477,4.166666666666667,2.666666666666667,1.1666666666666667,1.0,0.6,0.5,1.0,1.0,,0.825,high
motza | 4036 | 40599a,motza,4036,40599a,2,dorsal+ventral,False,90.0,65.0,20.0,6215.0,420.0,155.0,1.3928571428571428,4.5,3.25,1.1666666666666667,1.0,1.0,0.5,0.9,1.0,,0.9099999999999999,high
motza | 4036 | 40599b,motza,4036,40599b,4,dorsal+ventral,False,100.0,80.0,25.0,7575.0,495.0,225.0,1.2698412698412698,4.166666666666667,3.25,1.4285714285714286,0.7,0.6,0.5,0.4,1.0,,0.63,medium
motza | 4036 | 40599c,motza,4036,40599c,2,dorsal+ventral,False,90.0,60.0,20.0,7270.0,625.0,140.0,1.4999999999999998,4.5,3.0,1.0,1.0,0.3,0.3,0.8,1.0,,0.69,medium
motza | 4037 | 04727CTE,motza,4037,04727CTE,2,dorsal+ventral,False,85.0,65.0,20.0,5890.0,360.0,160.0,1.3095238095238093,4.25,3.25,1.1666666666666667,1.0,1.0,0.5,0.8,1.0,,0.8949999999999999,high
motza | 4037 | 40724,motza,4037,40724,4,dorsal+ventral,False,100.0,75.0,25.0,9055.0,720.0,410.0,1.3303571428571428,4.25,3.083333333333333,1.3333333333333333,0.7,0.45,0.45,0.6,1.0,,0.615,medium
motza | 4037 | 40724a,motza,4037,40724a,2,dorsal+ventral,False,90.0,65.0,20.0,6525.0,415.0,135.0,1.3928571428571428,4.5,3.25,1.1666666666666667,1.0,1.0,0.5,0.8,1.0,,0.8949999999999999,high
motza | 4037 | 40724b,motza,4037,40724b,2,dorsal+ventral,False,90.0,60.0,20.0,6545.0,540.0,,1.4999999999999998,4.5,3.0,1.0,1.0,0.8,0.5,0.8,1.0,,0.845,high
motza | 4037 | 40727a,motza,4037,40727a,2,dorsal+ventral,False,90.0,60.0,20.0,6455.0,445.0,110.0,1.4999999999999998,4.5,3.0,1.0,1.0,0.8,0.5,0.8,1.0,,0.845,high
motza | 4037 | 40727b,motza,4037,40727b,2,dorsal+ventral,False,85.0,70.0,20.0,5970.0,390.0,155.0,1.2291666666666665,4.25,3.5,1.3333333333333333,0.7,1.0,0.5,0.9,1.0,,0.8049999999999999,high
motza | 4037 | 40739,motza,4037,40739,2,dorsal+ventral,False,80.0,65.0,20.0,6750.0,815.0,230.0,1.2380952380952381,4.0,3.25,1.1666666666666667,1.0,1.0,0.5,1.0,1.0,,0.9249999999999999,high
motza | 4037 | 40741,motza,4037,40741,2,dorsal+ventral,False,80.0,60.0,20.0,6005.0,475.0,240.0,1.3333333333333333,4.0,3.0,1.0,1.0,1.0,0.5,1.0,1.0,,0.9249999999999999,high
motza | 4037 | 40760,motza,4037,40760,12,dorsal+ventral,False,90.0,60.0,25.0,6440.0,455.0,180.0,1.4642857142857142,3.833333333333333,3.0,1.5,0.7,0.8166666666666668,0.5,0.6333333333333334,1.0,,0.7191666666666666,medium
motza | 4037 | 40866,motza,4037,40866,2,dorsal+ventral,False,90.0,70.0,20.0,6655.0,480.0,165.0,1.2857142857142856,4.5,3.5,1.0,1.0,0.6,0.5,0.6000000000000001,1.0,,0.7649999999999999,high
motza | 4037 | 41026,motza,4037,41026,2,dorsal+ventral,False,90.0,75.0,25.0,10930.0,1310.0,200.0,1.1964285714285714,3.666666666666667,3.083333333333333,1.25,1.0,0.3,0.3,1.0,1.0,,0.72,medium
motza | 4037 | 41026a,motza,4037,41026a,2,dorsal+ventral,False,90.0,65.0,20.0,7100.0,510.0,,1.3928571428571428,4.5,3.25,1.1666666666666667,1.0,0.6,0.5,0.9,1.0,,0.8099999999999999,high
motza | 4037 | 41026b,motza,4037,41026b,2,dorsal+ventral,False,110.0,75.0,30.0,8330.0,565.0,265.0,1.4732142857142856,3.6666666666666665,2.5,1.1428571428571428,1.0,0.6,0.5,0.4,1.0,,0.735,medium
motza | 4040 | 40664,motza,4040,40664,2,dorsal+ventral,False,95.0,70.0,25.0,7195.0,580.0,170.0,1.3571428571428572,3.916666666666667,2.916666666666667,1.1111111111111112,1.0,0.6,0.5,0.9,1.0,,0.8099999999999999,high
motza | 4040 | 40665,motza,4040,40665,2,dorsal+ventral,False,90.0,60.0,20.0,5915.0,390.0,155.0,1.4999999999999998,4.5,3.0,1.0,1.0,1.0,0.5,0.8,1.0,,0.8949999999999999,high
motza | 4040 | 40687,motza,4040,40687,4,dorsal+ventral,False,80.0,70.0,20.0,9575.0,875.0,120.0,1.1428571428571428,4.0,3.25,1.1666666666666667,1.0,0.6,0.3,0.4,1.0,,0.705,medium
motza | 4040 | 40697a,motza,4040,40697a,2,dorsal+ventral,False,130.0,80.0,35.0,12155.0,780.0,650.0,1.625,3.7916666666666665,2.333333333333333,1.0,1.0,0.3,0.5,0.4,1.0,,0.66,medium
motza | 4040 | 40697b,motza,4040,40697b,2,dorsal+ventral,False,95.0,70.0,30.0,7680.0,730.0,160.0,1.3571428571428572,3.1666666666666665,2.3333333333333335,1.1111111111111112,1.0,0.8,0.3,1.0,1.0,,0.8450000000000001,high
motza | 4040 | 40713,motza,4040,40713,2,dorsal+ventral,False,105.0,70.0,30.0,10045.0,910.0,270.0,1.5,3.5,2.3333333333333335,1.1,1.0,0.3,0.3,0.6000000000000001,1.0,,0.6599999999999999,medium
motza | 4040 | 40714,motza,4040,40714,2,dorsal+ventral,False,95.0,70.0,20.0,8940.0,975.0,160.0,1.3571428571428572,4.75,3.5,1.1111111111111112,1.0,0.6,0.5,1.0,1.0,,0.825,high
motza | 4040 | 40729,motza,4040,40729,2,dorsal+ventral,False,90.0,65.0,20.0,6370.0,420.0,205.0,1.3928571428571428,4.5,3.25,1.1666666666666667,1.0,0.6,0.5,1.0,1.0,,0.825,high
motza | 4040 | 40743,motza,4040,40743,4,dorsal+ventral,False,85.0,60.0,20.0,6200.0,490.0,130.0,1.4499999999999997,4.25,3.0,1.2857142857142858,1.0,0.6499999999999999,0.5,0.7,1.0,,0.7924999999999999,high
motza | 4040 | 40764,motza,4040,40764,2,dorsal+ventral,False,85.0,60.0,20.0,5915.0,435.0,,1.4166666666666665,4.25,3.0,1.125,1.0,1.0,0.5,0.8,1.0,,0.8949999999999999,high
motza | 4040 | 40769,motza,4040,40769,2,dorsal+ventral,False,90.0,70.0,20.0,6170.0,455.0,110.0,1.2857142857142856,4.5,3.5,1.0,1.0,1.0,0.5,0.8,1.0,,0.8949999999999999,high
motza | 4040 | 40769CTE,motza,4040,40769CTE,4,dorsal+ventral,False,80.0,55.0,20.0,6550.0,470.0,260.0,1.4666666666666668,4.0,2.75,1.2,1.0,0.6,0.3,0.5,1.0,,0.72,medium
motza | 4040 | 40783,motza,4040,40783,2,dorsal+ventral,False,115.0,75.0,30.0,10350.0,730.0,465.0,1.5357142857142856,3.833333333333333,2.5,1.1428571428571428,1.0,0.3,0.5,0.6000000000000001,1.0,,0.69,medium
motza | 4040 | 40789,motza,4040,40789,4,dorsal+ventral,False,80.0,60.0,20.0,5635.0,405.0,150.0,1.3333333333333333,4.0,3.0,1.0,1.0,1.0,0.5,0.6000000000000001,1.0,,0.8649999999999999,high
motza | 4040 | 45716,motza,4040,45716,2,dorsal+ventral,False,110.0,80.0,30.0,8765.0,600.0,315.0,1.375,3.6666666666666665,2.6666666666666665,1.0,1.0,0.6,0.5,0.8,1.0,,0.7949999999999999,high
motza | 4046 | 40769,motza,4046,40769,2,dorsal+ventral,False,100.0,70.0,30.0,8825.0,740.0,220.0,1.4285714285714286,3.3333333333333335,2.3333333333333335,1.0,1.0,0.6,0.4,1.0,1.0,,0.81,high
motza | 4050 | 40810,motza,4050,40810,2,dorsal+ventral,False,115.0,80.0,30.0,11345.0,815.0,465.0,1.4375,3.833333333333333,2.6666666666666665,1.0909090909090908,1.0,0.3,0.5,0.4,1.0,,0.66,medium
motza | 4050 | 40814,motza,4050,40814,2,dorsal+ventral,False,100.0,100.0,30.0,9015.0,805.0,230.0,1.0101010101010102,3.3333333333333335,3.333333333333333,1.2222222222222223,1.0,0.3,0.5,1.0,1.0,,0.75,high
motza | 4050 | 40816,motza,4050,40816,2,dorsal+ventral,False,90.0,65.0,20.0,6845.0,550.0,,1.3928571428571428,4.5,3.25,1.1666666666666667,1.0,0.8,0.5,0.8,1.0,,0.845,high
motza | 4050 | 40822,motza,4050,40822,4,dorsal+ventral,False,85.0,60.0,20.0,7860.0,795.0,190.0,1.4166666666666665,4.25,3.0,1.1666666666666667,1.0,0.8,0.4,0.8999999999999999,1.0,,0.8450000000000001,high
motza | 4050 | 40822CTE,motza,4050,40822CTE,2,dorsal+ventral,False,80.0,65.0,20.0,6530.0,525.0,130.0,1.2380952380952381,4.0,3.25,1.1666666666666667,1.0,0.6,0.3,1.0,1.0,,0.795,high
motza | 4050 | 40822a,motza,4050,40822a,2,dorsal+ventral,False,110.0,70.0,30.0,8315.0,545.0,265.0,1.5714285714285714,3.6666666666666665,2.3333333333333335,1.0,1.0,0.6,0.5,1.0,1.0,,0.825,high
motza | 4050 | 40822b,motza,4050,40822b,2,dorsal+ventral,False,105.0,75.0,30.0,9920.0,1135.0,290.0,1.4017857142857144,3.5,2.5,1.1428571428571428,1.0,0.8,0.3,1.0,1.0,,0.8450000000000001,high
motza | 4050 | 40822c,motza,4050,40822c,2,dorsal+ventral,False,105.0,70.0,30.0,8905.0,830.0,220.0,1.5,3.5,2.3333333333333335,1.1,1.0,0.6,0.3,1.0,1.0,,0.795,high
motza | 4050 | 40822d,motza,4050,40822d,2,dorsal+ventral,False,95.0,70.0,30.0,8330.0,675.0,200.0,1.3571428571428572,3.1666666666666665,2.3333333333333335,1.1111111111111112,1.0,0.3,0.4,1.0,1.0,,0.735,medium
motza | 4050 | 40822e,motza,4050,40822e,2,dorsal+ventral,False,110.0,75.0,30.0,8805.0,560.0,335.0,1.4732142857142856,3.6666666666666665,2.5,1.1428571428571428,1.0,0.6,0.5,0.6000000000000001,1.0,,0.7649999999999999,high
motza | 4050 | 40822f,motza,4050,40822f,2,dorsal+ventral,False,95.0,70.0,20.0,7920.0,720.0,220.0,1.3571428571428572,4.75,3.5,1.1111111111111112,1.0,0.6,0.3,1.0,1.0,,0.795,high
motza | 4050 | 40835,motza,4050,40835,4,dorsal+ventral,False,90.0,65.0,25.0,7520.0,585.0,250.0,1.3333333333333333,3.833333333333333,3.0,1.5,0.7,0.45,0.3,0.75,1.0,,0.6149999999999999,medium
motza | 4050 | 40984a,motza,4050,40984a,2,dorsal+ventral,False,120.0,80.0,30.0,12800.0,1070.0,585.0,1.507936507936508,4.0,2.6666666666666665,1.2857142857142858,1.0,0.1,0.5,0.4,1.0,,0.61,medium
motza | 4050 | 40984b,motza,4050,40984b,2,dorsal+ventral,False,85.0,60.0,20.0,6150.0,470.0,130.0,1.4166666666666665,4.25,3.0,1.125,1.0,0.8,0.5,0.9,1.0,,0.86,high
motza | 4050 | 40989,motza,4050,40989,2,dorsal+ventral,False,100.0,70.0,30.0,7325.0,495.0,220.0,1.4285714285714286,3.3333333333333335,2.3333333333333335,1.0,1.0,0.6,0.5,0.4,1.0,,0.735,medium
motza | 4050 | 40991,motza,4050,40991,2,dorsal+ventral,False,90.0,60.0,20.0,6010.0,505.0,130.0,1.4999999999999998,4.5,3.0,1.0,1.0,0.6,0.4,1.0,1.0,,0.81,high
motza | 4050 | 41003,motza,4050,41003,2,dorsal+ventral,False,90.0,75.0,20.0,7875.0,700.0,180.0,1.2053571428571428,4.5,3.75,1.1428571428571428,1.0,0.3,0.4,1.0,1.0,,0.735,medium
motza | 4050 | 41005a,motza,4050,41005a,2,dorsal+ventral,False,90.0,70.0,20.0,6410.0,345.0,170.0,1.2857142857142856,4.5,3.5,1.0,1.0,0.6,0.5,0.4,1.0,,0.735,medium
motza | 4050 | 41005b,motza,4050,41005b,2,dorsal+ventral,False,95.0,65.0,20.0,7255.0,405.0,140.0,1.4642857142857142,4.75,3.25,1.1666666666666667,1.0,0.6,0.5,1.0,1.0,,0.825,high
motza | 4050 | 41019,motza,4050,41019,2,dorsal+ventral,False,90.0,70.0,20.0,5960.0,340.0,175.0,1.2857142857142856,4.5,3.5,1.0,1.0,0.8,0.5,0.8,1.0,,0.845,high
motza | 4050 | 41021,motza,4050,41021,2,dorsal+ventral,False,90.0,60.0,20.0,6655.0,445.0,180.0,1.4999999999999998,4.5,3.0,1.0,1.0,0.3,0.5,1.0,1.0,,0.75,high
motza | 4050 | 41024,motza,4050,41024,2,dorsal+ventral,False,85.0,65.0,20.0,7410.0,790.0,100.0,1.3214285714285712,4.25,3.25,1.1666666666666667,1.0,0.8,0.3,0.6000000000000001,1.0,,0.785,high
motza | 4050 | 41024a,motza,4050,41024a,2,dorsal+ventral,False,85.0,60.0,20.0,7150.0,630.0,125.0,1.4166666666666665,4.25,3.0,1.125,1.0,0.6,0.4,0.8,1.0,,0.78,high
motza | 4050 | 41024b,motza,4050,41024b,2,dorsal+ventral,False,95.0,75.0,25.0,9745.0,1080.0,140.0,1.2767857142857144,3.916666666666667,3.166666666666667,1.1428571428571428,1.0,0.3,0.3,0.9,1.0,,0.705,medium
motza | 4050 | 41024c,motza,4050,41024c,2,dorsal+ventral,False,100.0,70.0,25.0,8875.0,930.0000000000001,165.0,1.4285714285714286,4.166666666666667,2.916666666666667,1.0,1.0,0.6,0.4,1.0,1.0,,0.81,high
motza | 4050 | 41031a,motza,4050,41031a,2,dorsal+ventral,False,90.0,65.0,20.0,5845.0,330.0,125.0,1.3928571428571428,4.5,3.25,1.1666666666666667,1.0,1.0,0.5,0.8,1.0,,0.8949999999999999,high
motza | 4050 | 41031b,motza,4050,41031b,2,dorsal+ventral,False,95.0,70.0,20.0,6605.0,375.0,185.0,1.3571428571428572,4.75,3.5,1.1111111111111112,1.0,0.6,0.5,0.4,1.0,,0.735,medium
motza | 4050 | 41031c,motza,4050,41031c,2,dorsal+ventral,False,90.0,60.0,20.0,6365.0,400.0,140.0,1.4999999999999998,4.5,3.0,1.0,1.0,0.8,0.4,0.8,1.0,,0.8300000000000001,high
motza | 4050 | 41037,motza,4050,41037,6,dorsal+ventral,False,90.0,60.0,20.0,6820.0,570.0,220.0,1.4285714285714286,4.0,3.0,1.25,1.0,0.49999999999999994,0.4666666666666666,0.8333333333333334,1.0,,0.7699999999999999,high
motza | 4050 | 41042,motza,4050,41042,2,dorsal+ventral,False,100.0,70.0,25.0,10345.0,1460.0,255.0,1.4285714285714286,4.166666666666667,2.916666666666667,1.0,1.0,0.6,0.3,0.8,1.0,,0.765,high
motza | 4050 | 41042a,motza,4050,41042a,2,dorsal+ventral,False,95.0,75.0,25.0,8755.0,945.0,165.0,1.2678571428571428,3.916666666666667,3.083333333333333,1.1428571428571428,1.0,0.6,0.3,1.0,1.0,,0.795,high
motza | 4050 | 41042b,motza,4050,41042b,2,dorsal+ventral,False,110.0,80.0,30.0,9820.0,950.0,275.0,1.375,3.6666666666666665,2.6666666666666665,1.0,1.0,0.6,0.4,1.0,1.0,,0.81,high
motza | 4050 | 41047,motza,4050,41047,2,dorsal+ventral,False,115.0,75.0,30.0,9825.0,825.0,290.0,1.5357142857142856,3.833333333333333,2.5,1.1428571428571428,1.0,0.6,0.3,0.8,1.0,,0.765,high
motza | 4050 | 41053a,motza,4050,41053a,4,dorsal+ventral,False,90.0,65.0,20.0,6710.0,445.0,180.0,1.380952380952381,4.0,3.0,1.375,0.7,0.6499999999999999,0.5,1.0,1.0,,0.7324999999999999,medium
motza | 4050 | 41053b,motza,4050,41053b,4,dorsal+ventral,False,80.0,60.0,20.0,5960.0,385.0,170.0,1.3333333333333333,4.0,3.0,1.1666666666666667,1.0,0.8,0.5,0.95,1.0,,0.8674999999999999,high
motza | 4050 | 41055,motza,4050,41055,2,dorsal+ventral,False,80.0,60.0,20.0,5620.0,345.0,,1.3333333333333333,4.0,3.0,1.0,1.0,1.0,0.5,0.8,1.0,,0.8949999999999999,high
motza | 4050 | 41058,motza,4050,41058,2,dorsal+ventral,False,95.0,70.0,25.0,6710.0,460.0,165.0,1.3571428571428572,4.0,2.916666666666667,1.1111111111111112,1.0,1.0,0.5,0.6000000000000001,1.0,,0.8649999999999999,high
motza | 4050 | 41061,motza,4050,41061,2,dorsal+ventral,False,90.0,60.0,20.0,6220.0,410.0,135.0,1.4999999999999998,4.5,3.0,1.0,1.0,0.6,0.5,0.8,1.0,,0.7949999999999999,high
motza | 4050 | 41067,motza,4050,41067,4,dorsal+ventral,False,90.0,60.0,20.0,5935.0,415.0,160.0,1.4999999999999998,4.5,3.0,1.0,1.0,0.7000000000000001,0.5,0.8999999999999999,1.0,,0.835,high
motza | 4050 | 41070A,motza,4050,41070A,2,dorsal+ventral,False,100.0,75.0,25.0,10385.0,1135.0,270.0,1.3392857142857144,4.166666666666667,3.166666666666667,1.1428571428571428,1.0,0.3,0.4,1.0,1.0,,0.735,medium
motza | 4050 | 41070b,motza,4050,41070b,2,dorsal+ventral,False,125.0,90.0,30.0,12310.0,995.0,505.0,1.3888888888888888,4.166666666666666,2.9999999999999996,1.0833333333333333,1.0,1.0,0.4,0.4,1.0,,0.82,high
motza | 4050 | 41085a,motza,4050,41085a,2,dorsal+ventral,False,90.0,65.0,20.0,6745.0,465.0,140.0,1.3928571428571428,4.5,3.25,1.1666666666666667,1.0,0.6,0.5,0.9,1.0,,0.8099999999999999,high
motza | 4050 | 41085b,motza,4050,41085b,2,dorsal+ventral,False,100.0,70.0,30.0,7430.0,505.0,225.0,1.4285714285714286,3.3333333333333335,2.3333333333333335,1.0,1.0,1.0,0.5,0.4,1.0,,0.8349999999999999,high
motza | 4050 | 41095a,motza,4050,41095a,2,dorsal+ventral,False,90.0,60.0,20.0,7665.0,595.0,180.0,1.4999999999999998,4.5,3.0,1.0,1.0,0.6,0.3,1.0,1.0,,0.795,high
motza | 4050 | 41095b,motza,4050,41095b,2,dorsal+ventral,False,105.0,70.0,30.0,8625.0,560.0,290.0,1.5,3.5,2.3333333333333335,1.1,1.0,0.6,0.5,1.0,1.0,,0.825,high
motza | 4050 | 41095c,motza,4050,41095c,2,dorsal+ventral,False,100.0,75.0,30.0,7110.0,490.0,165.0,1.3392857142857144,3.3333333333333335,2.5,1.1428571428571428,1.0,0.6,0.5,0.4,1.0,,0.735,medium
motza | 4050 | 41097BS,motza,4050,41097BS,2,dorsal+ventral,False,100.0,65.0,25.0,8375.0,790.0,205.0,1.5476190476190477,4.166666666666667,2.666666666666667,1.1666666666666667,1.0,0.6,0.3,1.0,1.0,,0.795,high
motza | 4050 | 41106,motza,4050,41106,2,dorsal+ventral,False,90.0,60.0,20.0,6220.0,425.0,120.0,1.4999999999999998,4.5,3.0,1.0,1.0,0.8,0.5,0.9,1.0,,0.86,high
motza | 4050 | 41113a,motza,4050,41113a,3,dorsal+ventral,False,100.0,70.0,30.0,7930.0,270.0,,1.4285714285714286,3.3333333333333335,2.3333333333333335,1.1111111111111112,1.0,0.6,0.3,0.6,1.0,,0.735,medium
motza | 4050 | 4113b,motza,4050,4113b,2,dorsal+ventral,False,100.0,70.0,20.0,7345.0,500.0,195.0,1.4285714285714286,5.0,3.5,1.0,1.0,0.6,0.3,1.0,1.0,,0.795,high
motza | 4050 | 41160,motza,4050,41160,2,dorsal+ventral,False,95.0,70.0,25.0,10315.0,1225.0,210.0,1.3571428571428572,3.916666666666667,2.916666666666667,1.1111111111111112,1.0,0.6,0.3,0.9,1.0,,0.78,high
motza | 4050 | 41204a,motza,4050,41204a,2,dorsal+ventral,False,90.0,70.0,25.0,6475.0,440.0,120.0,1.2857142857142856,3.75,2.916666666666667,1.0,1.0,1.0,0.5,0.8,1.0,,0.8949999999999999,high
motza | 4050 | 41204b,motza,4050,41204b,2,dorsal+ventral,False,90.0,65.0,20.0,6265.0,395.0,170.0,1.3928571428571428,4.5,3.25,1.1666666666666667,1.0,1.0,0.5,0.8,1.0,,0.8949999999999999,high
motza | 4051 | 40802,motza,4051,40802,4,dorsal+ventral,False,80.0,60.0,20.0,5975.0,475.0,,1.3333333333333333,4.0,3.0,1.0,1.0,1.0,0.5,0.8,1.0,,0.8949999999999999,high
motza | 4052 | 40831,motza,4052,40831,4,dorsal+ventral,False,80.0,60.0,20.0,5640.0,380.0,225.0,1.3333333333333333,4.0,3.0,1.0,1.0,1.0,0.5,1.0,1.0,,0.9249999999999999,high
motza | 4052 | 40831a,motza,4052,40831a,2,dorsal+ventral,False,110.0,75.0,30.0,9725.0,780.0,275.0,1.4732142857142856,3.6666666666666665,2.5,1.1428571428571428,1.0,0.3,0.4,0.9,1.0,,0.72,medium
motza | 4052 | 40831b,motza,4052,40831b,2,dorsal+ventral,False,90.0,70.0,20.0,8800.0,920.0,170.0,1.2857142857142856,4.5,3.5,1.0,1.0,0.3,0.4,1.0,1.0,,0.735,medium
motza | 4052 | 40848,motza,4052,40848,6,dorsal+ventral,False,80.0,65.0,20.0,7135.0,720.0,110.0,1.2380952380952381,4.0,3.25,1.1666666666666667,1.0,0.6,0.5,0.5333333333333333,1.0,,0.7549999999999999,high
motza | 4052 | 40866,motza,4052,40866,2,dorsal+ventral,False,85.0,65.0,20.0,6015.0,435.0,120.0,1.3214285714285712,4.25,3.25,1.1666666666666667,1.0,1.0,0.5,0.8,1.0,,0.8949999999999999,high
motza | 4052 | 40871a,motza,4052,40871a,2,dorsal+ventral,False,85.0,65.0,20.0,10070.0,1320.0,185.0,1.3095238095238093,4.25,3.25,1.1666666666666667,1.0,0.3,0.3,0.9,1.0,,0.705,medium
motza | 4052 | 40871b,motza,4052,40871b,2,dorsal+ventral,False,100.0,70.0,20.0,7745.0,660.0,215.0,1.4285714285714286,5.0,3.5,1.0,1.0,0.8,0.3,1.0,1.0,,0.8450000000000001,high
motza | 4052 | 40874a,motza,4052,40874a,2,dorsal+ventral,False,95.0,70.0,25.0,7235.0,510.0,185.0,1.3571428571428572,4.0,2.916666666666667,1.1111111111111112,1.0,0.8,0.5,1.0,1.0,,0.875,high
motza | 4052 | 40874b,motza,4052,40874b,2,dorsal+ventral,False,80.0,60.0,20.0,6300.0,585.0,135.0,1.3333333333333333,4.0,3.0,1.0,1.0,1.0,0.4,0.4,1.0,,0.82,high
motza | 4052 | 40884,motza,4052,40884,4,dorsal+ventral,False,85.0,65.0,20.0,6165.0,445.0,145.0,1.3095238095238093,4.25,3.25,1.3333333333333333,0.7,0.8,0.4,0.8,1.0,,0.7249999999999999,medium
motza | 4052 | 40902,motza,4052,40902,4,dorsal+ventral,False,90.0,70.0,20.0,7120.0,630.0,170.0,1.3125,4.5,3.5,1.3333333333333333,0.7,0.55,0.4,0.8500000000000001,1.0,,0.6699999999999999,medium
motza | 4052 | 40902a,motza,4052,40902a,4,dorsal+ventral,False,100.0,70.0,25.0,8930.0,930.0,230.0,1.4375,4.083333333333333,2.833333333333333,1.3333333333333333,0.7,0.45,0.4,0.6,1.0,,0.6074999999999999,medium
motza | 4052 | 40902b,motza,4052,40902b,4,dorsal+ventral,False,95.0,70.0,25.0,7730.0,665.0,300.0,1.3333333333333333,3.833333333333333,3.0,1.6666666666666667,0.3,0.6499999999999999,0.4,0.5,1.0,"SUSPICIOUS: readings disagree 1.67x, all plausible",0.5025,low
motza | 4052 | 40918,motza,4052,40918,2,dorsal+ventral,False,85.0,65.0,20.0,6975.0,525.0,180.0,1.3095238095238093,4.25,3.25,1.1666666666666667,1.0,0.6,0.3,0.9,1.0,,0.78,high
motza | 4052 | 40935,motza,4052,40935,2,dorsal+ventral,False,100.0,75.0,30.0,10045.0,1019.9999999999999,210.0,1.3303571428571428,3.333333333333333,2.5,1.2222222222222223,1.0,0.3,0.4,0.9,1.0,,0.72,medium
motza | 4052 | 40935a,motza,4052,40935a,2,dorsal+ventral,False,95.0,60.0,30.0,7055.0,485.0,210.0,1.5833333333333333,3.1666666666666665,2.0,1.1111111111111112,1.0,0.6,0.5,0.9,1.0,,0.8099999999999999,high
motza | 4052 | 40935b,motza,4052,40935b,2,dorsal+ventral,False,95.0,70.0,20.0,6555.0,465.0,190.0,1.3571428571428572,4.75,3.5,1.1111111111111112,1.0,0.6,0.4,0.8,1.0,,0.78,high
motza | 4052 | 40935c,motza,4052,40935c,2,dorsal+ventral,False,90.0,60.0,20.0,5665.0,355.0,165.0,1.4999999999999998,4.5,3.0,1.0,1.0,1.0,0.5,1.0,1.0,,0.9249999999999999,high
motza | 4052 | 40953,motza,4052,40953,2,dorsal+ventral,False,75.0,60.0,20.0,5520.0,410.0,320.0,1.25,3.75,3.0,1.1428571428571428,1.0,1.0,0.5,1.0,1.0,,0.9249999999999999,high
motza | 4053 | 40945a,motza,4053,40945a,2,dorsal+ventral,False,95.0,65.0,20.0,9635.0,1105.0,230.0,1.4642857142857142,4.75,3.25,1.1666666666666667,1.0,0.3,0.3,0.9,1.0,,0.705,medium
motza | 4053 | 40945b,motza,4053,40945b,2,dorsal+ventral,False,95.0,70.0,20.0,7010.0,515.0,170.0,1.3571428571428572,4.75,3.5,1.1111111111111112,1.0,1.0,0.5,1.0,1.0,,0.9249999999999999,high
motza | 4058 | 40916BS,motza,4058,40916BS,2,dorsal+ventral,False,100.0,75.0,25.0,10570.0,1285.0,285.0,1.3303571428571428,4.083333333333333,3.083333333333333,1.2222222222222223,1.0,0.1,0.3,0.9,1.0,,0.6549999999999999,medium
motza | 4059 | 40977,motza,4059,40977,2,dorsal+ventral,False,95.0,60.0,25.0,7075.0,485.0,170.0,1.5833333333333333,3.916666666666667,2.5,1.1111111111111112,1.0,0.3,0.4,0.9,1.0,,0.72,medium
motza | 4059 | 40977CTE,motza,4059,40977CTE,2,dorsal+ventral,False,95.0,70.0,25.0,10035.0,1070.0,255.0,1.3571428571428572,3.916666666666667,2.916666666666667,1.1111111111111112,1.0,0.3,0.4,1.0,1.0,,0.735,medium
motza | 4059 | 41009a,motza,4059,41009a,2,dorsal+ventral,False,85.0,60.0,20.0,6220.0,445.0,,1.4166666666666665,4.25,3.0,1.125,1.0,1.0,0.5,0.8,1.0,,0.8949999999999999,high
motza | 4059 | 41009b,motza,4059,41009b,2,dorsal+ventral,False,90.0,70.0,20.0,6080.0,405.0,130.0,1.2857142857142856,4.5,3.5,1.0,1.0,1.0,0.5,0.8,1.0,,0.8949999999999999,high
motza | 4060 | 40997,motza,4060,40997,2,dorsal+ventral,False,80.0,60.0,20.0,6375.0,495.0,245.0,1.3333333333333333,4.0,3.0,1.0,1.0,1.0,0.4,1.0,1.0,,0.9099999999999999,high
motza | 4062 | 41121,motza,4062,41121,2,dorsal+ventral,False,100.0,70.0,25.0,7185.0,515.0,190.0,1.4285714285714286,4.166666666666667,2.916666666666667,1.0,1.0,0.6,0.5,0.8,1.0,,0.7949999999999999,high
motza | 4062 | 41129,motza,4062,41129,2,dorsal+ventral,False,85.0,65.0,20.0,5900.0,385.0,180.0,1.3214285714285712,4.25,3.25,1.1666666666666667,1.0,1.0,0.5,0.9,1.0,,0.9099999999999999,high
motza | 4062 | 41137,motza,4062,41137,2,dorsal+ventral,False,80.0,60.0,20.0,8355.0,995.0,205.0,1.3333333333333333,4.0,3.0,1.0,1.0,1.0,0.3,1.0,1.0,,0.895,high
motza | 4062 | 41150,motza,4062,41150,2,dorsal+ventral,False,75.0,60.0,20.0,5350.0,355.0,220.0,1.25,3.75,3.0,1.1428571428571428,1.0,1.0,0.5,0.9,1.0,,0.9099999999999999,high
motza | 4062 | 41153,motza,4062,41153,2,dorsal+ventral,False,85.0,60.0,20.0,6605.0,505.0,150.0,1.4166666666666665,4.25,3.0,1.125,1.0,0.6,0.5,0.9,1.0,,0.8099999999999999,high
motza | 4062 | 41163a,motza,4062,41163a,2,dorsal+ventral,False,90.0,70.0,20.0,6685.0,380.0,165.0,1.2857142857142856,4.5,3.5,1.0,1.0,0.6,0.5,0.8,1.0,,0.7949999999999999,high
motza | 4062 | 41163b,motza,4062,41163b,2,dorsal+ventral,False,85.0,60.0,20.0,5585.0,325.0,130.0,1.4166666666666665,4.25,3.0,1.125,1.0,0.8,0.5,1.0,1.0,,0.875,high
motza | 4062 | 41163c,motza,4062,41163c,2,dorsal+ventral,False,90.0,75.0,20.0,6725.0,425.0,155.0,1.2053571428571428,4.5,3.75,1.1428571428571428,1.0,0.6,0.5,0.6000000000000001,1.0,,0.7649999999999999,high
motza | 4062 | 41173,motza,4062,41173,2,dorsal+ventral,False,105.0,70.0,30.0,7735.0,450.0,235.0,1.5,3.5,2.3333333333333335,1.1,1.0,0.6,0.5,0.4,1.0,,0.735,medium
motza | 4062 | 41181,motza,4062,41181,4,dorsal+ventral,False,95.0,70.0,25.0,8415.0,560.0,330.0,1.3541666666666665,4.0,2.833333333333333,1.5,0.7,0.8,0.5,0.7,1.0,,0.7249999999999999,medium
motza | 4062 | 41211,motza,4062,41211,2,dorsal+ventral,False,115.0,75.0,30.0,10740.0,965.0,375.0,1.5357142857142856,3.833333333333333,2.5,1.1428571428571428,1.0,0.6,0.3,0.8,1.0,,0.765,high
motza | 4063 | 41131,motza,4063,41131,2,dorsal+ventral,False,100.0,70.0,30.0,7290.0,475.0,185.0,1.4285714285714286,3.3333333333333335,2.3333333333333335,1.0,1.0,0.3,0.5,1.0,1.0,,0.75,high
motza | 4063 | 41131CTE,motza,4063,41131CTE,4,dorsal+ventral,False,80.0,60.0,20.0,6745.0,480.0,290.0,1.3333333333333333,4.0,3.0,1.1428571428571428,1.0,1.0,0.3,0.7,1.0,,0.85,high
motza | 4064 | 41123CTE,motza,4064,41123CTE,2,dorsal+ventral,False,95.0,65.0,20.0,6805.0,485.0,210.0,1.4642857142857142,4.75,3.25,1.1666666666666667,1.0,1.0,0.4,0.9,1.0,,0.8949999999999999,high
motza | 4064 | 41135,motza,4064,41135,2,dorsal+ventral,False,110.0,75.0,30.0,10435.0,965.0,340.0,1.4732142857142856,3.6666666666666665,2.5,1.1428571428571428,1.0,0.3,0.5,0.8,1.0,,0.72,medium
motza | 4064 | 41135CTE,motza,4064,41135CTE,2,dorsal+ventral,False,80.0,60.0,20.0,5880.0,430.0,195.0,1.3333333333333333,4.0,3.0,1.0,1.0,1.0,0.3,1.0,1.0,,0.895,high
motza | 4064 | 41135PE,motza,4064,41135PE,2,dorsal+ventral,False,85.0,60.0,20.0,5945.0,430.0,245.0,1.4166666666666665,4.25,3.0,1.125,1.0,1.0,0.3,1.0,1.0,,0.895,high
motza | 4065 | 41157,motza,4065,41157,2,dorsal+ventral,False,85.0,65.0,20.0,6165.0,460.0,125.0,1.3095238095238093,4.25,3.25,1.1666666666666667,1.0,1.0,0.3,0.8,1.0,,0.865,high
motza | 4065 | 41157a,motza,4065,41157a,2,dorsal+ventral,False,110.0,80.0,30.0,11790.0,1290.0,340.0,1.375,3.6666666666666665,2.6666666666666665,1.0,1.0,0.3,0.3,0.9,1.0,,0.705,medium
motza | 4065 | 41157b,motza,4065,41157b,2,dorsal+ventral,False,90.0,65.0,20.0,6435.0,460.0,180.0,1.3928571428571428,4.5,3.25,1.1666666666666667,1.0,0.8,0.5,1.0,1.0,,0.875,high
motza | 4065 | 41157c,motza,4065,41157c,4,dorsal+ventral,False,100.0,100.0,30.0,7670.0,505.0,245.0,1.0833333333333333,3.3333333333333335,3.333333333333333,1.5,0.7,0.8,0.3,1.0,1.0,,0.7399999999999999,medium
motza | 4069 | 41178,motza,4069,41178,2,dorsal+ventral,False,125.0,80.0,35.0,14265.0,1080.0,840.0,1.5625,3.625,2.333333333333333,1.0833333333333333,1.0,0.3,0.5,0.4,1.0,,0.66,medium
motza | 4070 | 40330,motza,4070,40330,2,dorsal+ventral,False,90.0,70.0,20.0,6765.0,465.0,145.0,1.2857142857142856,4.5,3.5,1.0,1.0,0.6,0.5,0.8,1.0,,0.7949999999999999,high
motza | 4070 | 41196,motza,4070,41196,2,dorsal+ventral,False,85.0,65.0,20.0,6325.0,470.0,,1.3214285714285712,4.25,3.25,1.1666666666666667,1.0,0.6,0.5,0.9,1.0,,0.8099999999999999,high
motza | 4070 | 41198,motza,4070,41198,4,dorsal+ventral,False,120.0,105.0,30.0,11205.0,740.0,465.0,1.1454545454545455,4.0,3.5,1.2222222222222223,1.0,0.6,0.3,0.4,1.0,,0.705,medium
motza | 4070 | 41217,motza,4070,41217,6,dorsal+ventral,False,85.0,60.0,20.0,6205.0,430.0,160.0,1.4166666666666665,4.0,3.0,1.5,0.7,0.8666666666666667,0.4666666666666666,0.8999999999999999,1.0,,0.7666666666666666,high
motza | 4070 | 41217a,motza,4070,41217a,2,dorsal+ventral,False,90.0,65.0,20.0,6790.0,415.0,150.0,1.3928571428571428,4.5,3.25,1.1666666666666667,1.0,0.8,0.5,1.0,1.0,,0.875,high
motza | 4070 | 41217b,motza,4070,41217b,2,dorsal+ventral,False,95.0,75.0,25.0,7875.0,640.0,160.0,1.2767857142857144,4.0,3.083333333333333,1.1428571428571428,1.0,0.6,0.4,1.0,1.0,,0.81,high
motza | 4070 | 41217c,motza,4070,41217c,2,dorsal+ventral,False,100.0,70.0,25.0,7575.0,615.0,180.0,1.4285714285714286,4.166666666666667,2.916666666666667,1.0,1.0,1.0,0.4,1.0,1.0,,0.9099999999999999,high
motza | 4070 | 41217d,motza,4070,41217d,2,dorsal+ventral,False,110.0,70.0,30.0,8875.0,615.0,290.0,1.5714285714285714,3.6666666666666665,2.3333333333333335,1.0,1.0,0.3,0.5,0.9,1.0,,0.735,medium
motza | 4070 | 41217e,motza,4070,41217e,2,dorsal+ventral,False,90.0,65.0,20.0,6735.0,545.0,150.0,1.3928571428571428,4.5,3.25,1.1666666666666667,1.0,0.6,0.5,1.0,1.0,,0.825,high
motza | 4070 | 41220,motza,4070,41220,2,dorsal+ventral,False,80.0,60.0,20.0,5905.0,405.0,190.0,1.3333333333333333,4.0,3.0,1.0,1.0,0.8,0.4,0.8,1.0,,0.8300000000000001,high
motza | 4070 | 41243,motza,4070,41243,4,dorsal+ventral,False,105.0,90.0,30.0,7095.0,470.0,210.0,1.2222222222222223,3.6666666666666665,2.9999999999999996,1.4285714285714286,0.7,0.6,0.5,0.5,1.0,,0.6449999999999999,medium
motza | 4070 | 41256CTE,motza,4070,41256CTE,2,dorsal+ventral,False,95.0,70.0,25.0,6775.0,495.0,170.0,1.375,3.916666666666667,2.833333333333333,1.3333333333333333,0.7,0.3,0.5,1.0,1.0,,0.6449999999999999,medium
motza | 4070 | 41285,motza,4070,41285,4,dorsal+ventral,False,90.0,60.0,25.0,6705.0,440.0,180.0,1.4999999999999998,3.916666666666667,2.666666666666667,1.1666666666666667,1.0,0.8,0.5,0.9,1.0,,0.86,high
motza | 4070 | 41295,motza,4070,41295,2,dorsal+ventral,False,105.0,70.0,30.0,11925.0,1220.0,375.0,1.5,3.5,2.3333333333333335,1.1,1.0,0.3,0.3,0.9,1.0,,0.705,medium
motza | 4070 | 41295a,motza,4070,41295a,3,dorsal+ventral,False,90.0,60.0,20.0,6330.0,420.0,130.0,1.3333333333333333,4.5,3.0,1.1666666666666667,1.0,0.6,0.5,0.6666666666666666,1.0,,0.7749999999999999,high
motza | 4070 | 41295b,motza,4070,41295b,2,dorsal+ventral,False,90.0,60.0,20.0,6750.0,525.0,,1.4999999999999998,4.5,3.0,1.0,1.0,0.6,0.3,0.9,1.0,,0.78,high
motza | 4070 | 41295c,motza,4070,41295c,2,dorsal+ventral,False,85.0,60.0,20.0,5685.0,345.0,210.0,1.4166666666666665,4.25,3.0,1.125,1.0,1.0,0.3,1.0,1.0,,0.895,high
motza | 4070 | 41310,motza,4070,41310,2,dorsal+ventral,False,95.0,75.0,25.0,7570.0,505.0,210.0,1.2767857142857144,3.916666666666667,3.166666666666667,1.1428571428571428,1.0,0.6,0.5,1.0,1.0,,0.825,high
motza | 4070 | 41352,motza,4070,41352,5,dorsal+ventral,False,80.0,60.0,20.0,5200.0,350.00000000000006,160.0,1.3333333333333333,4.0,3.0,1.2,1.0,1.0,0.5,0.9199999999999999,1.0,,0.9129999999999999,high
motza | 4070 | 41354,motza,4070,41354,4,dorsal+ventral,False,85.0,65.0,20.0,6840.0,480.0,165.0,1.3333333333333333,4.0,3.0,1.25,1.0,0.7000000000000001,0.4,0.8,1.0,,0.8049999999999999,high
motza | 4070 | 41363,motza,4070,41363,4,dorsal+ventral,False,105.0,70.0,30.0,9570.0,740.0,325.0,1.4642857142857144,3.5,2.3333333333333335,1.2,1.0,0.6,0.5,0.7,1.0,,0.7799999999999999,high
motza | 4070 | 41531,motza,4070,41531,2,dorsal+ventral,False,90.0,60.0,20.0,6295.0,450.0,180.0,1.4999999999999998,4.5,3.0,1.0,1.0,1.0,0.5,0.9,1.0,,0.9099999999999999,high
motza | 4071 | 40314,motza,4071,40314,2,dorsal+ventral,False,80.0,60.0,20.0,5545.000000000001,335.0,,1.3333333333333333,4.0,3.0,1.0,1.0,0.8,0.5,0.6000000000000001,1.0,,0.815,high
motza | 4071 | 41241,motza,4071,41241,8,dorsal+ventral,False,90.0,70.0,25.0,6850.0,475.0,200.0,1.3333333333333333,3.666666666666667,2.666666666666667,1.25,1.0,0.8,0.375,0.65,1.0,,0.8037500000000001,high
motza | 4071 | 41241a,motza,4071,41241a,2,dorsal+ventral,False,125.0,120.0,30.0,13265.0,1115.0,705.0,1.0454545454545454,4.166666666666666,4.0,1.1818181818181819,1.0,0.1,0.3,0.4,1.0,,0.58,medium
motza | 4071 | 41241b,motza,4071,41241b,2,dorsal+ventral,False,90.0,60.0,20.0,6435.0,420.0,170.0,1.4999999999999998,4.5,3.0,1.0,1.0,0.6,0.3,1.0,1.0,,0.795,high
motza | 4071 | 41244,motza,4071,41244,2,dorsal+ventral,False,80.0,65.0,20.0,6225.0,510.0,155.0,1.2380952380952381,4.0,3.25,1.1666666666666667,1.0,1.0,0.3,1.0,1.0,,0.895,high
motza | 4071 | 41253,motza,4071,41253,2,dorsal+ventral,False,90.0,65.0,20.0,6525.0,505.0,170.0,1.3928571428571428,4.5,3.25,1.1666666666666667,1.0,0.6,0.5,0.8,1.0,,0.7949999999999999,high
motza | 4071 | 41253PE,motza,4071,41253PE,2,dorsal+ventral,False,85.0,55.0,20.0,6210.0,540.0,200.0,1.5499999999999998,4.25,2.75,1.2,1.0,1.0,0.3,1.0,1.0,,0.895,high
motza | 4071 | 41267,motza,4071,41267,2,dorsal+ventral,False,90.0,60.0,20.0,5605.0,355.0,160.0,1.4999999999999998,4.5,3.0,1.0,1.0,1.0,0.5,1.0,1.0,,0.9249999999999999,high
motza | 4071 | 41271,motza,4071,41271,2,dorsal+ventral,False,100.0,70.0,30.0,8895.0,860.0,190.0,1.4285714285714286,3.3333333333333335,2.3333333333333335,1.0,1.0,0.6,0.4,1.0,1.0,,0.81,high
motza | 4071 | 41282a,motza,4071,41282a,4,dorsal+ventral,False,90.0,60.0,20.0,6735.0,500.0,230.0,1.4166666666666665,4.5,3.0,1.1666666666666667,1.0,0.6499999999999999,0.5,0.95,1.0,,0.8299999999999998,high
motza | 4071 | 41282b,motza,4071,41282b,4,dorsal+ventral,False,100.0,65.0,30.0,7720.0,590.0,190.0,1.4642857142857142,3.3333333333333335,2.166666666666667,1.1666666666666667,1.0,0.7000000000000001,0.5,1.0,1.0,,0.85,high
motza | 4072 | 41279a,motza,4072,41279a,4,dorsal+ventral,False,100.0,75.0,30.0,8120.0,605.0,205.0,1.3392857142857144,3.3333333333333335,2.5,1.1428571428571428,1.0,0.45,0.45,0.7,1.0,,0.735,medium
motza | 4072 | 41279b,motza,4072,41279b,4,dorsal+ventral,False,95.0,70.0,25.0,7325.0,510.0,145.0,1.4642857142857142,4.083333333333333,2.666666666666667,1.2222222222222223,1.0,0.8,0.45,0.9,1.0,,0.8525,high
motza | 4072 | 41279c,motza,4072,41279c,2,dorsal+ventral,False,90.0,60.0,20.0,6175.0,370.0,110.0,1.4999999999999998,4.5,3.0,1.0,1.0,1.0,0.4,0.9,1.0,,0.8949999999999999,high
motza | 4073 | 41293,motza,4073,41293,3,dorsal+ventral,False,80.0,60.0,20.0,6050.0,620.0,,1.3333333333333333,4.0,3.0,1.0,1.0,1.0,0.3666666666666667,0.5333333333333333,1.0,,0.835,high
motza | 4075 | 41361,motza,4075,41361,6,dorsal+ventral,False,100.0,70.0,30.0,8020.0,615.0,290.0,1.380952380952381,3.6666666666666665,2.5,1.375,0.7,0.6999999999999998,0.4666666666666666,0.5666666666666668,1.0,,0.6749999999999999,medium
motza | 4076 | 41364a,motza,4076,41364a,3,dorsal+ventral,False,90.0,70.0,20.0,6650.0,410.0,135.0,1.2857142857142856,4.5,3.5,1.1666666666666667,1.0,0.3,0.5,0.8666666666666667,1.0,,0.73,medium
motza | 4076 | 41364b,motza,4076,41364b,2,dorsal+ventral,False,85.0,60.0,20.0,5950.0,395.0,,1.4166666666666665,4.25,3.0,1.125,1.0,0.8,0.5,0.6000000000000001,1.0,,0.815,high
motza | 4076 | 41372,motza,4076,41372,2,dorsal+ventral,False,80.0,65.0,20.0,5590.0,340.0,195.0,1.2380952380952381,4.0,3.25,1.1666666666666667,1.0,1.0,0.5,1.0,1.0,,0.9249999999999999,high
motza | 4076 | 41372a,motza,4076,41372a,2,dorsal+ventral,False,100.0,70.0,30.0,7810.0,610.0,235.0,1.4285714285714286,3.3333333333333335,2.3333333333333335,1.0,1.0,0.6,0.3,1.0,1.0,,0.795,high
motza | 4076 | 41372b,motza,4076,41372b,2,dorsal+ventral,False,110.0,70.0,30.0,8770.0,835.0,255.0,1.5714285714285714,3.6666666666666665,2.3333333333333335,1.0,1.0,0.6,0.3,1.0,1.0,,0.795,high
motza | 4080 | 40816,motza,4080,40816,2,dorsal+ventral,False,85.0,60.0,20.0,6715.0,530.0,,1.4166666666666665,4.25,3.0,1.125,1.0,0.8,0.5,0.6000000000000001,1.0,,0.815,high
motza | 4080 | 41357,motza,4080,41357,2,dorsal+ventral,False,90.0,70.0,20.0,6490.0,435.0,,1.2857142857142856,4.5,3.5,1.0,1.0,0.8,0.5,0.9,1.0,,0.86,high
motza | 4097 | 40739,motza,4097,40739,2,dorsal+ventral,False,90.0,60.0,20.0,6210.0,505.0,,1.4999999999999998,4.5,3.0,1.0,1.0,0.6,0.5,0.8,1.0,,0.7949999999999999,high
motza | 5014 | 50210,motza,5014,50210,2,dorsal+ventral,False,80.0,60.0,20.0,7035.0,825.0,120.0,1.3333333333333333,4.0,3.0,1.0,1.0,1.0,0.5,0.6000000000000001,1.0,,0.8649999999999999,high
motza | 5015 | 50185,motza,5015,50185,2,dorsal+ventral,False,85.0,65.0,20.0,6035.0,415.0,185.0,1.3095238095238093,4.25,3.25,1.1666666666666667,1.0,0.8,0.5,1.0,1.0,,0.875,high
motza | 5016 | 50085,motza,5016,50085,2,dorsal+ventral,False,80.0,60.0,20.0,5550.0,345.0,135.0,1.3333333333333333,4.0,3.0,1.0,1.0,1.0,0.4,0.9,1.0,,0.8949999999999999,high
motza | 5016 | 50085BS,motza,5016,50085BS,3,dorsal+ventral,False,90.0,60.0,20.0,6460.0,480.0,120.0,1.4999999999999998,4.5,3.0,1.0,1.0,0.6,0.5,1.0,1.0,,0.825,high
motza | 5016 | 50136,motza,5016,50136,2,dorsal+ventral,False,80.0,60.0,20.0,5600.0,405.0,,1.3333333333333333,4.0,3.0,1.0,1.0,0.8,0.5,0.8,1.0,,0.845,high
motza | 5017 | 50170,motza,5017,50170,2,dorsal+ventral,False,85.0,70.0,20.0,6355.0,490.0,160.0,1.2142857142857142,4.25,3.5,1.125,1.0,0.6,0.4,0.8,1.0,,0.78,high
motza | 5017 | 50362,motza,5017,50362,2,dorsal+ventral,False,80.0,60.0,20.0,5720.0,420.0,,1.3333333333333333,4.0,3.0,1.0,1.0,0.6,0.5,0.8,1.0,,0.7949999999999999,high
motza | 5017 | 50373,motza,5017,50373,2,dorsal+ventral,False,75.0,60.0,20.0,5685.0,485.0,,1.25,3.75,3.0,1.1428571428571428,1.0,1.0,0.3,1.0,1.0,,0.895,high
motza | 5018 | 50098,motza,5018,50098,2,dorsal+ventral,False,90.0,60.0,20.0,6260.0,430.0,190.0,1.4999999999999998,4.5,3.0,1.0,1.0,1.0,0.5,0.9,1.0,,0.9099999999999999,high
motza | 5018 | 50253,motza,5018,50253,2,dorsal+ventral,False,80.0,60.0,20.0,5860.0,480.0,,1.3333333333333333,4.0,3.0,1.0,1.0,0.6,0.3,0.8,1.0,,0.765,high
motza | 5019 | 50206,motza,5019,50206,2,dorsal+ventral,False,80.0,60.0,20.0,6460.0,685.0,,1.3333333333333333,4.0,3.0,1.0,1.0,0.6,0.3,0.4,1.0,,0.705,medium
motza | 5019 | 50377,motza,5019,50377,4,dorsal+ventral,False,80.0,65.0,20.0,5980.0,465.0,180.0,1.2380952380952381,4.0,3.25,1.1666666666666667,1.0,0.7000000000000001,0.4,0.8,1.0,,0.8049999999999999,high
motza | 5020 | 50104,motza,5020,50104,2,dorsal+ventral,False,100.0,70.0,30.0,8250.0,675.0,165.0,1.4285714285714286,3.3333333333333335,2.3333333333333335,1.0,1.0,0.6,0.3,1.0,1.0,,0.795,high
motza | 5020 | 50109,motza,5020,50109,2,dorsal+ventral,False,95.0,70.0,20.0,6650.0,550.0,,1.375,4.75,3.5,1.3333333333333333,0.7,0.6,0.4,1.0,1.0,,0.705,medium
motza | 5020 | 50177,motza,5020,50177,2,dorsal+ventral,False,80.0,60.0,20.0,5655.0,340.0,160.0,1.3333333333333333,4.0,3.0,1.0,1.0,1.0,0.5,0.6000000000000001,1.0,,0.8649999999999999,high
motza | 5021 | 50188,motza,5021,50188,7,dorsal+ventral,False,90.0,60.0,20.0,5820.0,340.0,140.0,1.4999999999999998,4.5,3.0,1.1666666666666667,1.0,1.0,0.5,0.8857142857142858,1.0,,0.9078571428571428,high
motza | 5021 | 50317a,motza,5021,50317a,2,dorsal+ventral,False,95.0,75.0,25.0,7820.0,725.0,210.0,1.2678571428571428,3.916666666666667,3.083333333333333,1.1428571428571428,1.0,0.3,0.5,1.0,1.0,,0.75,high
motza | 5021 | 50317b,motza,5021,50317b,2,dorsal+ventral,False,105.0,75.0,30.0,7460.0,510.0,220.0,1.4107142857142856,3.5,2.5,1.1428571428571428,1.0,0.6,0.5,1.0,1.0,,0.825,high
motza | 5022 | 50544,motza,5022,50544,2,dorsal+ventral,False,80.0,65.0,20.0,6140.0,435.0,110.0,1.2380952380952381,4.0,3.25,1.1666666666666667,1.0,0.8,0.5,0.8,1.0,,0.845,high
motza | 5023 | 50276BS,motza,5023,50276BS,3,dorsal+ventral,False,100.0,70.0,30.0,6560.0,410.0,200.0,1.4285714285714286,3.3333333333333335,2.6666666666666665,1.3333333333333333,0.7,0.3,0.5,1.0,1.0,,0.6449999999999999,medium
motza | 5024 | 50251,motza,5024,50251,2,dorsal+ventral,False,90.0,65.0,20.0,6480.0,380.0,175.0,1.3928571428571428,4.5,3.25,1.1666666666666667,1.0,0.8,0.5,0.6000000000000001,1.0,,0.815,high
motza | 5024 | 50364,motza,5024,50364,2,dorsal+ventral,False,90.0,60.0,20.0,5930.0,400.0,145.0,1.4999999999999998,4.5,3.0,1.0,1.0,1.0,0.5,0.9,1.0,,0.9099999999999999,high
motza | 5025 | 50168,motza,5025,50168,2,dorsal+ventral,False,95.0,65.0,20.0,7640.0,620.0,180.0,1.4642857142857142,4.75,3.25,1.1666666666666667,1.0,0.6,0.4,1.0,1.0,,0.81,high
motza | 5026 | 50321,motza,5026,50321,4,dorsal+ventral,False,90.0,65.0,25.0,7545.0,655.0,170.0,1.380952380952381,3.666666666666667,2.666666666666667,1.25,1.0,0.6,0.45,0.8999999999999999,1.0,,0.8025,high
motza | 5027 | 50236a,motza,5027,50236a,2,dorsal+ventral,False,80.0,65.0,20.0,5770.0,475.0,,1.2380952380952381,4.0,3.25,1.1666666666666667,1.0,0.6,0.5,0.8,1.0,,0.7949999999999999,high
motza | 5027 | 50236b,motza,5027,50236b,2,dorsal+ventral,False,95.0,75.0,20.0,6750.0,460.0,130.0,1.2678571428571428,4.75,3.75,1.1428571428571428,1.0,0.6,0.5,0.6000000000000001,1.0,,0.7649999999999999,high
motza | 5027 | 50290,motza,5027,50290,6,dorsal+ventral,False,80.0,60.0,20.0,6050.0,435.0,190.0,1.3333333333333333,4.0,3.0,1.1666666666666667,1.0,0.7333333333333334,0.4666666666666666,0.8666666666666667,1.0,,0.8333333333333333,high
motza | 5027 | 50324,motza,5027,50324,4,dorsal+ventral,False,90.0,65.0,20.0,6930.0,535.0,170.0,1.3928571428571428,4.5,3.25,1.3333333333333333,0.7,0.8,0.45,0.8500000000000001,1.0,,0.7399999999999999,medium
motza | 5028 | 50263,motza,5028,50263,2,dorsal+ventral,False,80.0,60.0,20.0,5870.0,450.0,230.0,1.3333333333333333,4.0,3.0,1.0,1.0,1.0,0.3,0.8,1.0,,0.865,high
motza | 5028 | 50331,motza,5028,50331,2,dorsal+ventral,False,90.0,60.0,20.0,6335.0,480.0,,1.4999999999999998,4.5,3.0,1.0,1.0,0.6,0.5,0.8,1.0,,0.7949999999999999,high
motza | 5030 | 50432,motza,5030,50432,2,dorsal+ventral,False,95.0,70.0,20.0,7820.0,790.0,140.0,1.3571428571428572,4.75,3.5,1.1111111111111112,1.0,0.8,0.3,1.0,1.0,,0.8450000000000001,high
motza | 5031 | 50365,motza,5031,50365,2,dorsal+ventral,False,90.0,60.0,20.0,6220.0,380.0,,1.4999999999999998,4.5,3.0,1.0,1.0,0.6,0.5,0.8,1.0,,0.7949999999999999,high
motza | 5031 | 50399,motza,5031,50399,2,dorsal+ventral,False,80.0,60.0,20.0,5935.0,429.99999999999994,,1.3333333333333333,4.0,3.0,1.0,1.0,1.0,0.5,0.8,1.0,,0.8949999999999999,high
motza | 5033 | 50386,motza,5033,50386,2,dorsal+ventral,False,120.0,155.0,30.0,12970.0,1175.0,420.0,0.775,4.0,5.166666666666666,1.0666666666666667,1.0,0.3,0.3,0.6000000000000001,1.0,,0.6599999999999999,medium
motza | 5033 | 50424,motza,5033,50424,2,dorsal+ventral,False,90.0,65.0,20.0,6105.0,440.0,130.0,1.3928571428571428,4.5,3.25,1.1666666666666667,1.0,0.8,0.5,0.8,1.0,,0.845,high
motza | 5034 | 50388,motza,5034,50388,2,dorsal+ventral,False,100.0,75.0,30.0,9515.0,885.0,220.0,1.3392857142857144,3.3333333333333335,2.5,1.1428571428571428,1.0,0.6,0.3,1.0,1.0,,0.795,high
motza | 5037 | 50421,motza,5037,50421,4,dorsal+ventral,False,90.0,65.0,20.0,6330.0,455.0,150.0,1.380952380952381,4.0,3.0,1.25,1.0,0.8,0.5,0.8,1.0,,0.845,high
motza | 5037 | 50468,motza,5037,50468,2,dorsal+ventral,False,90.0,60.0,20.0,6160.0,400.0,200.0,1.4999999999999998,4.5,3.0,1.0,1.0,0.6,0.5,0.8,1.0,,0.7949999999999999,high
motza | 5038 | 50476,motza,5038,50476,4,dorsal+ventral,False,85.0,60.0,20.0,5680.0,390.0,240.0,1.4166666666666665,4.25,3.0,1.125,1.0,1.0,0.5,0.8500000000000001,1.0,,0.9025,high
motza | 5040 | 50438,motza,5040,50438,2,dorsal+ventral,False,85.0,70.0,20.0,6625.0,630.0,140.0,1.2142857142857142,4.25,3.5,1.125,1.0,1.0,0.5,0.6000000000000001,1.0,,0.8649999999999999,high
motza | 5040 | 50481,motza,5040,50481,2,dorsal+ventral,False,95.0,70.0,20.0,6765.0,455.0,150.0,1.3571428571428572,4.75,3.5,1.1111111111111112,1.0,0.8,0.5,1.0,1.0,,0.875,high
motza | 5041 | 50450,motza,5041,50450,2,dorsal+ventral,False,75.0,60.0,20.0,7210.0,780.0,155.0,1.25,3.75,3.0,1.1428571428571428,1.0,0.6,0.4,1.0,1.0,,0.81,high
motza | 5042 | 50597a,motza,5042,50597a,2,dorsal+ventral,False,90.0,75.0,20.0,6735.0,415.0,195.0,1.2053571428571428,4.5,3.75,1.1428571428571428,1.0,0.6,0.5,0.4,1.0,,0.735,medium
motza | 5042 | 50597b,motza,5042,50597b,2,dorsal+ventral,False,90.0,60.0,20.0,6535.0,450.0,150.0,1.4999999999999998,4.5,3.0,1.0,1.0,0.6,0.5,0.8,1.0,,0.7949999999999999,high
motza | 5044 | 50030,motza,5044,50030,2,dorsal+ventral,False,85.0,60.0,20.0,5680.0,380.0,180.0,1.4166666666666665,4.25,3.0,1.125,1.0,0.6,0.5,0.8,1.0,,0.7949999999999999,high
motza | 5045 | 50606,motza,5045,50606,2,dorsal+ventral,False,80.0,60.0,20.0,5684.999999999999,400.0,175.0,1.3333333333333333,4.0,3.0,1.0,1.0,1.0,0.5,1.0,1.0,,0.9249999999999999,high
motza | 5046 | 50468a,motza,5046,50468a,2,dorsal+ventral,False,80.0,60.0,20.0,5700.0,415.0,,1.3333333333333333,4.0,3.0,1.0,1.0,0.6,0.5,0.4,1.0,,0.735,medium
motza | 5046 | 50468b,motza,5046,50468b,2,dorsal+ventral,False,90.0,65.0,20.0,6810.0,570.0,115.0,1.3928571428571428,4.5,3.25,1.1666666666666667,1.0,0.8,0.4,0.8,1.0,,0.8300000000000001,high
motza | 5046 | 50504,motza,5046,50504,2,dorsal+ventral,False,90.0,70.0,20.0,6580.0,425.0,125.0,1.2857142857142856,4.5,3.5,1.0,1.0,0.6,0.5,1.0,1.0,,0.825,high
motza | 5047 | 50497,motza,5047,50497,2,dorsal+ventral,False,100.0,85.0,25.0,7065.0,395.0,175.0,1.1805555555555556,4.166666666666667,3.5,1.125,1.0,0.8,0.5,0.4,1.0,,0.785,high
motza | 5047 | 50597a,motza,5047,50597a,4,dorsal+ventral,False,80.0,60.0,20.0,6230.0,565.0,,1.3333333333333333,4.0,3.0,1.1666666666666667,1.0,1.0,0.5,0.6,1.0,,0.8649999999999999,high
motza | 5047 | 50597b,motza,5047,50597b,2,dorsal+ventral,False,80.0,60.0,20.0,5505.0,370.0,145.0,1.3333333333333333,4.0,3.0,1.0,1.0,0.8,0.5,0.8,1.0,,0.845,high
motza | 5048 | 50546,motza,5048,50546,2,dorsal+ventral,False,90.0,65.0,20.0,6090.0,425.0,120.0,1.3928571428571428,4.5,3.25,1.1666666666666667,1.0,1.0,0.5,1.0,1.0,,0.9249999999999999,high
motza | 5048 | 50565,motza,5048,50565,2,dorsal+ventral,False,80.0,65.0,20.0,6110.0,555.0,170.0,1.2380952380952381,4.0,3.25,1.1666666666666667,1.0,1.0,0.3,0.9,1.0,,0.88,high
motza | 5048 | 50565a,motza,5048,50565a,2,dorsal+ventral,False,95.0,70.0,20.0,8190.0,660.0,155.0,1.3571428571428572,4.75,3.5,1.1111111111111112,1.0,0.3,0.5,0.9,1.0,,0.735,medium
motza | 5048 | 50565b,motza,5048,50565b,2,dorsal+ventral,False,90.0,65.0,20.0,6565.0,465.0,,1.3928571428571428,4.5,3.25,1.1666666666666667,1.0,0.6,0.5,0.8,1.0,,0.7949999999999999,high
motza | 5049 | 50512,motza,5049,50512,2,dorsal+ventral,False,90.0,65.0,20.0,6830.0,605.0,190.0,1.3928571428571428,4.5,3.25,1.1666666666666667,1.0,1.0,0.5,0.9,1.0,,0.9099999999999999,high
motza | 5052 | 50200,motza,5052,50200,2,dorsal+ventral,False,100.0,70.0,30.0,7630.0,520.0,240.0,1.4285714285714286,3.3333333333333335,2.3333333333333335,1.0,1.0,0.6,0.5,0.4,1.0,,0.735,medium
motza | 5052 | 50600,motza,5052,50600,4,dorsal+ventral,False,85.0,65.0,20.0,6185.0,440.0,165.0,1.3333333333333333,4.0,3.0,1.5,0.7,0.45,0.5,0.8,1.0,,0.6525,medium
motza | 5052 | 50600a,motza,5052,50600a,2,dorsal+ventral,False,90.0,65.0,20.0,7070.0,555.0,140.0,1.3928571428571428,4.5,3.25,1.1666666666666667,1.0,0.3,0.5,0.8,1.0,,0.72,medium
motza | 5052 | 50600b,motza,5052,50600b,2,dorsal+ventral,False,90.0,75.0,20.0,6655.0,470.0,230.0,1.2142857142857144,4.5,3.75,1.25,1.0,0.6,0.5,0.9,1.0,,0.8099999999999999,high
motza | 5052 | 50632a,motza,5052,50632a,2,dorsal+ventral,False,110.0,75.0,30.0,9330.0,750.0,290.0,1.4732142857142856,3.6666666666666665,2.5,1.1428571428571428,1.0,0.6,0.5,1.0,1.0,,0.825,high
motza | 5052 | 50632b,motza,5052,50632b,2,dorsal+ventral,False,90.0,60.0,20.0,6345.0,470.0,120.0,1.4999999999999998,4.5,3.0,1.0,1.0,1.0,0.5,0.8,1.0,,0.8949999999999999,high
motza | 5052 | 50662,motza,5052,50662,4,dorsal+ventral,False,90.0,65.0,20.0,6660.0,475.0,140.0,1.3928571428571428,4.5,3.25,1.1666666666666667,1.0,0.45,0.5,0.8,1.0,,0.7575,high
motza | 5052 | 50662a,motza,5052,50662a,2,dorsal+ventral,False,100.0,70.0,20.0,7095.0,480.0,200.0,1.4285714285714286,5.0,3.5,1.0,1.0,0.6,0.5,1.0,1.0,,0.825,high
motza | 5052 | 50662b,motza,5052,50662b,3,dorsal+ventral,False,120.0,190.0,30.0,9520.0,610.0,400.0,0.6315789473684211,4.0,6.333333333333333,1.7272727272727273,0.3,0.3,0.5,0.6666666666666666,1.0,"SUSPICIOUS: readings disagree 1.73x, all plausible",0.45499999999999996,low
motza | 5052 | 50662c,motza,5052,50662c,2,dorsal+ventral,False,100.0,70.0,30.0,7315.0,460.0,235.0,1.4285714285714286,3.3333333333333335,2.3333333333333335,1.0,1.0,0.6,0.5,1.0,1.0,,0.825,high
motza | 5052 | 50667,motza,5052,50667,2,dorsal+ventral,False,90.0,60.0,20.0,6150.0,440.0,175.0,1.4999999999999998,4.5,3.0,1.0,1.0,1.0,0.5,0.8,1.0,,0.8949999999999999,high
motza | 5053 | 50521a,motza,5053,50521a,5,dorsal+ventral,False,110.0,80.0,30.0,9970.0,410.0,220.0,1.375,3.6666666666666665,2.6666666666666665,1.1428571428571428,1.0,0.6,0.38,0.64,1.0,,0.7529999999999999,high
motza | 5053 | 50521b,motza,5053,50521b,4,dorsal+ventral,False,100.0,70.0,30.0,7415.0,490.0,230.0,1.4285714285714286,3.3333333333333335,2.5,1.1428571428571428,1.0,0.8999999999999999,0.4,0.7,1.0,,0.84,high
motza | 5053 | 50542,motza,5053,50542,2,dorsal+ventral,False,80.0,70.0,20.0,11220.0,1670.0,,1.1428571428571428,4.0,3.5,1.0,1.0,0.6,0.3,0.6000000000000001,1.0,,0.735,medium
motza | 5053 | 50593,motza,5053,50593,4,dorsal+ventral,False,90.0,65.0,20.0,6780.0,575.0,135.0,1.3095238095238093,4.5,3.25,1.1666666666666667,1.0,0.8,0.5,0.8999999999999999,1.0,,0.86,high
motza | 5054 | 40629,motza,5054,40629,2,dorsal+ventral,False,95.0,70.0,20.0,6985.0,455.0,160.0,1.3571428571428572,4.75,3.5,1.1111111111111112,1.0,0.6,0.5,1.0,1.0,,0.825,high
motza | 5054 | 50519,motza,5054,50519,2,dorsal+ventral,False,90.0,70.0,20.0,6980.0,429.99999999999994,140.0,1.2857142857142856,4.5,3.5,1.0,1.0,0.6,0.5,1.0,1.0,,0.825,high
motza | 5059 | 50604,motza,5059,50604,2,dorsal+ventral,False,95.0,70.0,25.0,9205.0,775.0,210.0,1.3571428571428572,3.916666666666667,2.916666666666667,1.1111111111111112,1.0,0.3,0.5,1.0,1.0,,0.75,high
motza | 5059 | 50604a,motza,5059,50604a,2,dorsal+ventral,False,90.0,75.0,20.0,11750.0,1600.0,245.0,1.2053571428571428,4.5,3.75,1.1428571428571428,1.0,0.1,0.3,1.0,1.0,,0.6699999999999999,medium
motza | 5059 | 50604b,motza,5059,50604b,2,dorsal+ventral,False,100.0,75.0,30.0,9975.0,1180.0,240.0,1.3392857142857144,3.3333333333333335,2.5,1.1428571428571428,1.0,0.8,0.3,1.0,1.0,,0.8450000000000001,high
motza | 5059 | 50604c,motza,5059,50604c,2,dorsal+ventral,False,90.0,65.0,20.0,7030.0,620.0,145.0,1.3928571428571428,4.5,3.25,1.1666666666666667,1.0,1.0,0.3,1.0,1.0,,0.895,high
motza | 5059 | 50681,motza,5059,50681,2,dorsal+ventral,False,90.0,60.0,20.0,7065.0,715.0,175.0,1.4999999999999998,4.5,3.0,1.0,1.0,1.0,0.5,1.0,1.0,,0.9249999999999999,high
motza | 5062 | 50658a,motza,5062,50658a,2,dorsal+ventral,False,80.0,60.0,20.0,5805.0,495.0,130.0,1.3333333333333333,4.0,3.0,1.0,1.0,0.6,0.5,0.6000000000000001,1.0,,0.7649999999999999,high
motza | 5062 | 50658b,motza,5062,50658b,2,dorsal+ventral,False,80.0,60.0,20.0,6135.0,500.0,340.0,1.3333333333333333,4.0,3.0,1.0,1.0,1.0,0.5,1.0,1.0,,0.9249999999999999,high
motza | 5062 | 50728,motza,5062,50728,4,dorsal+ventral,False,90.0,60.0,25.0,6650.0,425.0,160.0,1.5,3.666666666666667,2.5,1.25,1.0,0.8,0.5,0.8,1.0,,0.845,high
motza | 5063 | 50643a,motza,5063,50643a,2,dorsal+ventral,False,85.0,65.0,20.0,6180.0,420.0,125.0,1.3095238095238093,4.25,3.25,1.1666666666666667,1.0,0.8,0.5,0.6000000000000001,1.0,,0.815,high
motza | 5063 | 50643b,motza,5063,50643b,2,dorsal+ventral,False,80.0,60.0,20.0,5885.0,475.0,185.0,1.3333333333333333,4.0,3.0,1.0,1.0,1.0,0.5,1.0,1.0,,0.9249999999999999,high
motza | 5063 | 50712,motza,5063,50712,2,dorsal+ventral,False,90.0,65.0,20.0,5980.0,390.0,135.0,1.3928571428571428,4.5,3.25,1.1666666666666667,1.0,1.0,0.5,0.9,1.0,,0.9099999999999999,high
motza | 5064 | 50655,motza,5064,50655,2,dorsal+ventral,False,85.0,60.0,20.0,8060.0,885.0,,1.4166666666666665,4.25,3.0,1.125,1.0,1.0,0.3,0.9,1.0,,0.88,high
motza | 5064 | 50680,motza,5064,50680,2,dorsal+ventral,False,85.0,60.0,20.0,6975.0,640.0,150.0,1.4166666666666665,4.25,3.0,1.125,1.0,0.8,0.4,0.8,1.0,,0.8300000000000001,high
motza | 5064 | 50721,motza,5064,50721,2,dorsal+ventral,False,110.0,70.0,30.0,10945.0,1145.0,275.0,1.5714285714285714,3.6666666666666665,2.3333333333333335,1.0,1.0,0.6,0.3,1.0,1.0,,0.795,high
motza | 5064 | 50721a,motza,5064,50721a,4,dorsal+ventral,False,80.0,60.0,20.0,5870.0,385.0,120.0,1.3333333333333333,4.0,3.0,1.0,1.0,0.8,0.5,0.8,1.0,,0.845,high
motza | 5064 | 50721b,motza,5064,50721b,4,dorsal+ventral,False,80.0,65.0,20.0,6635.0,610.0,130.0,1.2380952380952381,4.0,3.25,1.1666666666666667,1.0,1.0,0.3,0.6,1.0,,0.835,high
motza | 5065 | 50664BS,motza,5065,50664BS,2,dorsal+ventral,False,100.0,70.0,30.0,7810.0,550.0,225.0,1.4285714285714286,3.3333333333333335,2.3333333333333335,1.0,1.0,0.3,0.5,0.4,1.0,,0.66,medium
motza | 5065 | 50670BS,motza,5065,50670BS,2,dorsal+ventral,False,80.0,60.0,20.0,7200.0,735.0,210.0,1.3333333333333333,4.0,3.0,1.0,1.0,0.6,0.3,0.8,1.0,,0.765,high
motza | 5065 | 50722,motza,5065,50722,4,dorsal+ventral,False,95.0,70.0,25.0,7160.0,450.0,205.0,1.380952380952381,3.666666666666667,2.666666666666667,1.25,1.0,0.7000000000000001,0.5,0.8500000000000001,1.0,,0.8275,high
motza | 5065 | 50750,motza,5065,50750,2,dorsal+ventral,False,85.0,60.0,20.0,6820.0,625.0,,1.4166666666666665,4.25,3.0,1.125,1.0,1.0,0.5,0.8,1.0,,0.8949999999999999,high
motza | 5066 | 50646,motza,5066,50646,5,dorsal+ventral,False,80.0,70.0,20.0,6190.0,490.0,160.0,1.2857142857142856,4.0,3.5,1.5,0.7,0.8400000000000001,0.42000000000000004,0.96,1.0,,0.762,high
motza | 5066 | 50706,motza,5066,50706,2,dorsal+ventral,False,90.0,60.0,20.0,6315.0,410.0,130.0,1.4999999999999998,4.5,3.0,1.0,1.0,1.0,0.5,0.8,1.0,,0.8949999999999999,high
motza | 5066 | 50722,motza,5066,50722,2,dorsal+ventral,False,80.0,65.0,20.0,5670.0,365.0,235.0,1.2380952380952381,4.0,3.25,1.1666666666666667,1.0,1.0,0.3,1.0,1.0,,0.895,high
motza | 5068 | 50778,motza,5068,50778,2,dorsal+ventral,False,100.0,80.0,25.0,7590.0,555.0,185.0,1.2698412698412698,4.166666666666667,3.25,1.2857142857142858,1.0,0.6,0.5,0.4,1.0,,0.735,medium
motza | 5069 | 50754,motza,5069,50754,2,dorsal+ventral,False,90.0,65.0,25.0,6925.0,540.0,230.0,1.380952380952381,3.666666666666667,2.666666666666667,1.25,1.0,1.0,0.4,0.9,1.0,,0.8949999999999999,high
motza | 511 | 50053,motza,511,50053,2,dorsal+ventral,False,80.0,60.0,20.0,5820.0,410.0,130.0,1.3333333333333333,4.0,3.0,1.0,1.0,1.0,0.5,0.8,1.0,,0.8949999999999999,high
motza | ? | 40208,motza,?,40208,2,dorsal+ventral,False,85.0,60.0,20.0,7445.0,765.0,145.0,1.4166666666666665,4.25,3.0,1.125,1.0,0.8,0.4,0.8,1.0,,0.8300000000000001,high
motza | ? | 40274a,motza,?,40274a,2,dorsal+ventral,False,120.0,80.0,30.0,10740.0,1840.0,350.0,1.5,4.0,2.6666666666666665,1.0,1.0,0.1,0.5,0.8,1.0,,0.67,medium
motza | ? | 40274b,motza,?,40274b,2,dorsal+ventral,False,95.0,70.0,20.0,7365.0,605.0,220.0,1.3571428571428572,4.75,3.5,1.1111111111111112,1.0,0.6,0.3,0.9,1.0,,0.78,high
motza | A1 | A1,motza,A1,A1,2,dorsal+ventral,False,120.0,70.0,30.0,10500.0,865.0,405.0,1.7142857142857142,4.0,2.3333333333333335,1.0,1.0,0.6,0.5,0.8,1.0,,0.7949999999999999,high
motza | A2a | A2a,motza,A2a,A2a,1,dorsal,False,90.0,70.0,20.0,9240.0,1050.0,130.0,1.2857142857142856,4.5,3.5,1.0,0.5,0.6,0.3,0.8,0.5,,0.5399999999999999,low
motza | A2b | A2b,motza,A2b,A2b,2,dorsal+ventral,False,105.0,65.0,25.0,11425.0,1330.0,215.0,1.619047619047619,4.333333333333333,2.666666666666667,1.1666666666666667,1.0,0.3,0.4,1.0,1.0,,0.735,medium
motza | A2c | A2c,motza,A2c,A2c,2,dorsal+ventral,False,95.0,85.0,25.0,8645.0,515.0,390.0,1.1214285714285714,3.833333333333333,3.416666666666667,1.4285714285714286,0.7,0.1,0.5,0.7,1.0,,0.5499999999999999,low
motza | A2d | A2d,motza,A2d,A2d,2,dorsal+ventral,False,95.0,65.0,25.0,7295.0,475.0,160.0,1.4642857142857142,3.916666666666667,2.666666666666667,1.1666666666666667,1.0,0.6,0.5,1.0,1.0,,0.825,high
motza | A2e | A2e,motza,A2e,A2e,2,dorsal+ventral,False,90.0,60.0,20.0,6335.0,455.0,,1.4999999999999998,4.5,3.0,1.0,1.0,0.6,0.5,0.9,1.0,,0.8099999999999999,high
motza | UNGROUPED-reading-1489,motza,(missing),(missing),1,(not recorded),True,90.0,70.0,30.0,10340.0,480.0,,1.2857142857142856,2.9999999999999996,2.3333333333333335,1.0,0.5,0.5,0.5,0.4,0.5,,0.485,low
motza | blade1 | blade1a,motza,blade1,blade1a,2,dorsal+ventral,False,80.0,60.0,20.0,6155.0,440.0,165.0,1.3333333333333333,4.0,3.0,1.0,1.0,0.8,0.5,0.4,1.0,,0.785,high
motza | blade1 | blade1b,motza,blade1,blade1b,2,dorsal+ventral,False,80.0,65.0,20.0,5895.0,395.0,225.0,1.2380952380952381,4.0,3.25,1.1666666666666667,1.0,1.0,0.5,1.0,1.0,,0.9249999999999999,high
motza | blade2 | blade2,motza,blade2,blade2,2,dorsal+ventral,False,90.0,70.0,20.0,6355.0,440.0,140.0,1.2857142857142856,4.5,3.5,1.0,1.0,1.0,0.5,0.8,1.0,,0.8949999999999999,high
motza | blade3 | blade3,motza,blade3,blade3,2,dorsal+ventral,False,95.0,70.0,20.0,7615.0,560.0,205.0,1.3571428571428572,4.75,3.5,1.1111111111111112,1.0,0.3,0.5,1.0,1.0,,0.75,high
motza | k17a | 50024,motza,k17a,50024,2,dorsal+ventral,False,80.0,65.0,20.0,5745.0,405.0,110.0,1.2380952380952381,4.0,3.25,1.1666666666666667,1.0,0.8,0.5,0.4,1.0,,0.785,high
yiftahel | 1215 | 10634,yiftahel,1215,10634,2,dorsal+ventral,False,95.0,90.0,25.0,6540.0,390.0,135.0,1.1233766233766234,4.0,3.583333333333333,1.5714285714285714,0.7,0.5,0.5,0.4,1.0,,0.605,medium
yiftahel | 1233 | 10671,yiftahel,1233,10671,2,dorsal+ventral,False,100.0,1005.0,65.0,22560.0,910.0,260.0,0.09952465834818777,1.5476190476190477,15.535714285714285,1.0303030303030303,1.0,0.5,0.5,0.6000000000000001,1.0,,0.7399999999999999,medium
yiftahel | 2192 | 20846,yiftahel,2192,20846,2,dorsal+ventral,False,85.0,60.0,20.0,7065.0,735.0,140.0,1.4166666666666665,4.25,3.0,1.125,1.0,0.5,0.5,1.0,1.0,,0.7999999999999999,high
yiftahel | 2207 | 20917,yiftahel,2207,20917,2,dorsal+ventral,False,80.0,65.0,20.0,6255.0,520.0,165.0,1.2380952380952381,4.0,3.25,1.1666666666666667,1.0,0.5,0.5,1.0,1.0,,0.7999999999999999,high
yiftahel | 2219 | 20895,yiftahel,2219,20895,3,dorsal+ventral,False,90.0,60.0,20.0,5910.0,420.0,270.0,1.4999999999999998,4.5,3.0,1.0,1.0,0.5,0.5,1.0,1.0,,0.7999999999999999,high
yiftahel | 2614 | 25418,yiftahel,2614,25418,2,dorsal+ventral,False,85.0,60.0,20.0,6295.0,510.0,175.0,1.4166666666666665,4.25,3.0,1.125,1.0,0.5,0.5,1.0,1.0,,0.7999999999999999,high
yiftahel | 2631 | 25464,yiftahel,2631,25464,2,dorsal+ventral,False,85.0,60.0,20.0,6740.0,615.0,175.0,1.4166666666666665,4.25,3.0,1.125,1.0,0.5,0.5,1.0,1.0,,0.7999999999999999,high
yiftahel | 2663 | 25614,yiftahel,2663,25614,2,dorsal+ventral,False,80.0,60.0,20.0,5290.0,290.0,175.0,1.3333333333333333,4.0,3.0,1.0,1.0,0.5,0.5,1.0,1.0,,0.7999999999999999,high
yiftahel | 3004 | 30013,yiftahel,3004,30013,2,dorsal+ventral,False,85.0,60.0,20.0,5650.0,330.0,250.0,1.4166666666666665,4.25,3.0,1.125,1.0,0.5,0.5,0.8,1.0,,0.7699999999999999,high
yiftahel | 3006 | 30072,yiftahel,3006,30072,2,dorsal+ventral,False,100.0,70.0,25.0,7090.0,420.0,190.0,1.4285714285714286,4.166666666666667,2.916666666666667,1.0,1.0,0.5,0.5,0.4,1.0,,0.7099999999999999,medium
yiftahel | 3006 | 30088,yiftahel,3006,30088,2,dorsal+ventral,False,90.0,70.0,20.0,6125.0,410.0,145.0,1.3125,4.5,3.5,1.3333333333333333,0.7,0.5,0.5,0.8,1.0,,0.6649999999999999,medium
yiftahel | 3011 | 30030/H,yiftahel,3011,30030/H,1,ventral,False,80.0,60.0,20.0,5810.0,400.0,230.0,1.3333333333333333,4.0,3.0,1.0,0.5,0.5,0.5,1.0,0.5,,0.5750000000000001,medium
yiftahel | 3012 | 30030/H,yiftahel,3012,30030/H,1,dorsal,False,80.0,70.0,20.0,8870.0,1310.0,140.0,1.1428571428571428,4.0,3.5,1.0,0.5,0.5,0.5,1.0,0.5,,0.5750000000000001,medium
yiftahel | 3013 | 30030/H,yiftahel,3013,30030/H,1,ventral,False,80.0,60.0,20.0,5930.0,370.0,220.0,1.3333333333333333,4.0,3.0,1.0,0.5,0.5,0.5,1.0,0.5,,0.5750000000000001,medium
yiftahel | 3024 | 30195,yiftahel,3024,30195,2,dorsal+ventral,False,80.0,65.0,20.0,5640.0,325.0,130.0,1.2380952380952381,4.0,3.25,1.1666666666666667,1.0,0.5,0.5,1.0,1.0,,0.7999999999999999,high
yiftahel | 3035 | 30131,yiftahel,3035,30131,2,dorsal+ventral,False,95.0,60.0,20.0,6150.0,365.0,190.0,1.5833333333333333,4.75,3.0,1.1111111111111112,1.0,0.5,0.5,0.8,1.0,,0.7699999999999999,high
yiftahel | 3041 | 30288,yiftahel,3041,30288,2,dorsal+ventral,False,85.0,60.0,20.0,5820.0,370.0,100.0,1.4166666666666665,4.25,3.0,1.125,1.0,0.5,0.5,0.9,1.0,,0.7849999999999999,high
yiftahel | 3064 | 30259,yiftahel,3064,30259,2,dorsal+ventral,False,90.0,65.0,20.0,5820.0,335.0,140.0,1.3928571428571428,4.5,3.25,1.1666666666666667,1.0,0.5,0.5,0.8,1.0,,0.7699999999999999,high
yiftahel | 4029 | 40096,yiftahel,4029,40096,2,ventral,False,80.0,60.0,20.0,5640.0,450.0,200.0,1.3333333333333333,4.0,3.0,1.0,1.0,0.5,0.5,1.0,1.0,,0.7999999999999999,high
yiftahel | 4060 | 40198,yiftahel,4060,40198,2,dorsal+ventral,False,90.0,65.0,20.0,5745.0,325.0,120.0,1.3928571428571428,4.5,3.25,1.1666666666666667,1.0,0.5,0.5,0.8,1.0,,0.7699999999999999,high
yiftahel | 5076 | 50155,yiftahel,5076,50155,3,dorsal+ventral,False,90.0,60.0,20.0,5930.0,340.0,200.0,1.4999999999999998,4.5,3.0,1.125,1.0,0.5,0.5,0.8666666666666667,1.0,,0.7799999999999999,high
yiftahel | 5237 | 50420,yiftahel,5237,50420,2,dorsal+ventral,False,100.0,80.0,20.0,7305.0,485.0,195.0,1.25,5.0,4.0,1.0,1.0,0.5,0.5,0.4,1.0,,0.7099999999999999,medium
yiftahel | 5520 | 55024,yiftahel,5520,55024,2,dorsal+ventral,False,100.0,70.0,30.0,6944.999999999999,410.0,185.0,1.4285714285714286,3.3333333333333335,2.3333333333333335,1.0,1.0,0.5,0.5,0.4,1.0,,0.7099999999999999,medium
yiftahel | 5542 | 55138,yiftahel,5542,55138,3,dorsal+ventral,False,90.0,60.0,20.0,6500.0,460.0,165.0,1.4999999999999998,4.5,3.0,1.3333333333333333,0.7,0.5,0.5,0.8666666666666667,1.0,,0.6749999999999999,medium
yiftahel | UNGROUPED-reading-1703,yiftahel,Modern,(missing),1,dorsal,True,70.0,640.0,50.0,19540.0,670.0,580.0,0.109375,1.4,12.8,1.0,0.5,0.5,0.5,1.0,0.5,,0.5750000000000001,medium
yiftahel | UNGROUPED-reading-1726,yiftahel,33,(missing),1,ventral,True,90.0,60.0,20.0,6200.0,350.00000000000006,190.0,1.4999999999999998,4.5,3.0,1.0,0.5,0.5,0.5,0.4,0.5,,0.485,low
yiftahel | UNGROUPED-reading-1727,yiftahel,33,(missing),1,dorsal,True,90.0,60.0,20.0,6240.0,340.0,200.0,1.4999999999999998,4.5,3.0,1.0,0.5,0.5,0.5,0.4,0.5,,0.485,low
yiftahel | UNGROUPED-reading-1765,yiftahel,(missing),(missing),1,(not recorded),True,80.0,60.0,20.0,5380.0,300.0,100.0,1.3333333333333333,4.0,3.0,1.0,0.5,0.5,0.5,1.0,0.5,,0.5750000000000001,medium
